amostra,regra,risco_fadiga,valor_risco_fadiga,pertinencia_risco_fadiga,forca_ativacao,pertinencia_implicacao
0,R1,muito_baixo,0,1.0,0.551111111111111,0.551111111111111
0,R1,muito_baixo,1,1.0,0.551111111111111,0.551111111111111
0,R1,muito_baixo,2,1.0,0.551111111111111,0.551111111111111
0,R1,muito_baixo,3,1.0,0.551111111111111,0.551111111111111
0,R1,muito_baixo,4,1.0,0.551111111111111,0.551111111111111
0,R1,muito_baixo,5,1.0,0.551111111111111,0.551111111111111
0,R1,muito_baixo,6,1.0,0.551111111111111,0.551111111111111
0,R1,muito_baixo,7,1.0,0.551111111111111,0.551111111111111
0,R1,muito_baixo,8,1.0,0.551111111111111,0.551111111111111
0,R1,muito_baixo,9,1.0,0.551111111111111,0.551111111111111
0,R1,muito_baixo,10,1.0,0.551111111111111,0.551111111111111
0,R1,muito_baixo,11,0.9,0.551111111111111,0.48103703703703693
0,R1,muito_baixo,12,0.8,0.551111111111111,0.4109629629629629
0,R1,muito_baixo,13,0.7,0.551111111111111,0.34088888888888874
0,R1,muito_baixo,14,0.6,0.551111111111111,0.27081481481481473
0,R1,muito_baixo,15,0.5,0.551111111111111,0.2007407407407407
0,R1,muito_baixo,16,0.4,0.551111111111111,0.13066666666666663
0,R1,muito_baixo,17,0.3,0.551111111111111,0.06059259259259251
0,R1,muito_baixo,18,0.2,0.551111111111111,0.0
0,R1,muito_baixo,19,0.1,0.551111111111111,0.0
0,R1,muito_baixo,20,0.0,0.551111111111111,0.0
0,R1,muito_baixo,21,0.0,0.551111111111111,0.0
0,R1,muito_baixo,22,0.0,0.551111111111111,0.0
0,R1,muito_baixo,23,0.0,0.551111111111111,0.0
0,R1,muito_baixo,24,0.0,0.551111111111111,0.0
0,R1,muito_baixo,25,0.0,0.551111111111111,0.0
0,R1,muito_baixo,26,0.0,0.551111111111111,0.0
0,R1,muito_baixo,27,0.0,0.551111111111111,0.0
0,R1,muito_baixo,28,0.0,0.551111111111111,0.0
0,R1,muito_baixo,29,0.0,0.551111111111111,0.0
0,R1,muito_baixo,30,0.0,0.551111111111111,0.0
0,R1,muito_baixo,31,0.0,0.551111111111111,0.0
0,R1,muito_baixo,32,0.0,0.551111111111111,0.0
0,R1,muito_baixo,33,0.0,0.551111111111111,0.0
0,R1,muito_baixo,34,0.0,0.551111111111111,0.0
0,R1,muito_baixo,35,0.0,0.551111111111111,0.0
0,R1,muito_baixo,36,0.0,0.551111111111111,0.0
0,R1,muito_baixo,37,0.0,0.551111111111111,0.0
0,R1,muito_baixo,38,0.0,0.551111111111111,0.0
0,R1,muito_baixo,39,0.0,0.551111111111111,0.0
0,R1,muito_baixo,40,0.0,0.551111111111111,0.0
0,R1,muito_baixo,41,0.0,0.551111111111111,0.0
0,R1,muito_baixo,42,0.0,0.551111111111111,0.0
0,R1,muito_baixo,43,0.0,0.551111111111111,0.0
0,R1,muito_baixo,44,0.0,0.551111111111111,0.0
0,R1,muito_baixo,45,0.0,0.551111111111111,0.0
0,R1,muito_baixo,46,0.0,0.551111111111111,0.0
0,R1,muito_baixo,47,0.0,0.551111111111111,0.0
0,R1,muito_baixo,48,0.0,0.551111111111111,0.0
0,R1,muito_baixo,49,0.0,0.551111111111111,0.0
0,R1,muito_baixo,50,0.0,0.551111111111111,0.0
0,R1,muito_baixo,51,0.0,0.551111111111111,0.0
0,R1,muito_baixo,52,0.0,0.551111111111111,0.0
0,R1,muito_baixo,53,0.0,0.551111111111111,0.0
0,R1,muito_baixo,54,0.0,0.551111111111111,0.0
0,R1,muito_baixo,55,0.0,0.551111111111111,0.0
0,R1,muito_baixo,56,0.0,0.551111111111111,0.0
0,R1,muito_baixo,57,0.0,0.551111111111111,0.0
0,R1,muito_baixo,58,0.0,0.551111111111111,0.0
0,R1,muito_baixo,59,0.0,0.551111111111111,0.0
0,R1,muito_baixo,60,0.0,0.551111111111111,0.0
0,R1,muito_baixo,61,0.0,0.551111111111111,0.0
0,R1,muito_baixo,62,0.0,0.551111111111111,0.0
0,R1,muito_baixo,63,0.0,0.551111111111111,0.0
0,R1,muito_baixo,64,0.0,0.551111111111111,0.0
0,R1,muito_baixo,65,0.0,0.551111111111111,0.0
0,R1,muito_baixo,66,0.0,0.551111111111111,0.0
0,R1,muito_baixo,67,0.0,0.551111111111111,0.0
0,R1,muito_baixo,68,0.0,0.551111111111111,0.0
0,R1,muito_baixo,69,0.0,0.551111111111111,0.0
0,R1,muito_baixo,70,0.0,0.551111111111111,0.0
0,R1,muito_baixo,71,0.0,0.551111111111111,0.0
0,R1,muito_baixo,72,0.0,0.551111111111111,0.0
0,R1,muito_baixo,73,0.0,0.551111111111111,0.0
0,R1,muito_baixo,74,0.0,0.551111111111111,0.0
0,R1,muito_baixo,75,0.0,0.551111111111111,0.0
0,R1,muito_baixo,76,0.0,0.551111111111111,0.0
0,R1,muito_baixo,77,0.0,0.551111111111111,0.0
0,R1,muito_baixo,78,0.0,0.551111111111111,0.0
0,R1,muito_baixo,79,0.0,0.551111111111111,0.0
0,R1,muito_baixo,80,0.0,0.551111111111111,0.0
0,R1,muito_baixo,81,0.0,0.551111111111111,0.0
0,R1,muito_baixo,82,0.0,0.551111111111111,0.0
0,R1,muito_baixo,83,0.0,0.551111111111111,0.0
0,R1,muito_baixo,84,0.0,0.551111111111111,0.0
0,R1,muito_baixo,85,0.0,0.551111111111111,0.0
0,R1,muito_baixo,86,0.0,0.551111111111111,0.0
0,R1,muito_baixo,87,0.0,0.551111111111111,0.0
0,R1,muito_baixo,88,0.0,0.551111111111111,0.0
0,R1,muito_baixo,89,0.0,0.551111111111111,0.0
0,R1,muito_baixo,90,0.0,0.551111111111111,0.0
0,R1,muito_baixo,91,0.0,0.551111111111111,0.0
0,R1,muito_baixo,92,0.0,0.551111111111111,0.0
0,R1,muito_baixo,93,0.0,0.551111111111111,0.0
0,R1,muito_baixo,94,0.0,0.551111111111111,0.0
0,R1,muito_baixo,95,0.0,0.551111111111111,0.0
0,R1,muito_baixo,96,0.0,0.551111111111111,0.0
0,R1,muito_baixo,97,0.0,0.551111111111111,0.0
0,R1,muito_baixo,98,0.0,0.551111111111111,0.0
0,R1,muito_baixo,99,0.0,0.551111111111111,0.0
0,R1,muito_baixo,100,0.0,0.551111111111111,0.0
1,R2,muito_baixo,0,1.0,0.0,0.0
1,R2,muito_baixo,1,1.0,0.0,0.0
1,R2,muito_baixo,2,1.0,0.0,0.0
1,R2,muito_baixo,3,1.0,0.0,0.0
1,R2,muito_baixo,4,1.0,0.0,0.0
1,R2,muito_baixo,5,1.0,0.0,0.0
1,R2,muito_baixo,6,1.0,0.0,0.0
1,R2,muito_baixo,7,1.0,0.0,0.0
1,R2,muito_baixo,8,1.0,0.0,0.0
1,R2,muito_baixo,9,1.0,0.0,0.0
1,R2,muito_baixo,10,1.0,0.0,0.0
1,R2,muito_baixo,11,0.9,0.0,0.0
1,R2,muito_baixo,12,0.8,0.0,0.0
1,R2,muito_baixo,13,0.7,0.0,0.0
1,R2,muito_baixo,14,0.6,0.0,0.0
1,R2,muito_baixo,15,0.5,0.0,0.0
1,R2,muito_baixo,16,0.4,0.0,0.0
1,R2,muito_baixo,17,0.3,0.0,0.0
1,R2,muito_baixo,18,0.2,0.0,0.0
1,R2,muito_baixo,19,0.1,0.0,0.0
1,R2,muito_baixo,20,0.0,0.0,0.0
1,R2,muito_baixo,21,0.0,0.0,0.0
1,R2,muito_baixo,22,0.0,0.0,0.0
1,R2,muito_baixo,23,0.0,0.0,0.0
1,R2,muito_baixo,24,0.0,0.0,0.0
1,R2,muito_baixo,25,0.0,0.0,0.0
1,R2,muito_baixo,26,0.0,0.0,0.0
1,R2,muito_baixo,27,0.0,0.0,0.0
1,R2,muito_baixo,28,0.0,0.0,0.0
1,R2,muito_baixo,29,0.0,0.0,0.0
1,R2,muito_baixo,30,0.0,0.0,0.0
1,R2,muito_baixo,31,0.0,0.0,0.0
1,R2,muito_baixo,32,0.0,0.0,0.0
1,R2,muito_baixo,33,0.0,0.0,0.0
1,R2,muito_baixo,34,0.0,0.0,0.0
1,R2,muito_baixo,35,0.0,0.0,0.0
1,R2,muito_baixo,36,0.0,0.0,0.0
1,R2,muito_baixo,37,0.0,0.0,0.0
1,R2,muito_baixo,38,0.0,0.0,0.0
1,R2,muito_baixo,39,0.0,0.0,0.0
1,R2,muito_baixo,40,0.0,0.0,0.0
1,R2,muito_baixo,41,0.0,0.0,0.0
1,R2,muito_baixo,42,0.0,0.0,0.0
1,R2,muito_baixo,43,0.0,0.0,0.0
1,R2,muito_baixo,44,0.0,0.0,0.0
1,R2,muito_baixo,45,0.0,0.0,0.0
1,R2,muito_baixo,46,0.0,0.0,0.0
1,R2,muito_baixo,47,0.0,0.0,0.0
1,R2,muito_baixo,48,0.0,0.0,0.0
1,R2,muito_baixo,49,0.0,0.0,0.0
1,R2,muito_baixo,50,0.0,0.0,0.0
1,R2,muito_baixo,51,0.0,0.0,0.0
1,R2,muito_baixo,52,0.0,0.0,0.0
1,R2,muito_baixo,53,0.0,0.0,0.0
1,R2,muito_baixo,54,0.0,0.0,0.0
1,R2,muito_baixo,55,0.0,0.0,0.0
1,R2,muito_baixo,56,0.0,0.0,0.0
1,R2,muito_baixo,57,0.0,0.0,0.0
1,R2,muito_baixo,58,0.0,0.0,0.0
1,R2,muito_baixo,59,0.0,0.0,0.0
1,R2,muito_baixo,60,0.0,0.0,0.0
1,R2,muito_baixo,61,0.0,0.0,0.0
1,R2,muito_baixo,62,0.0,0.0,0.0
1,R2,muito_baixo,63,0.0,0.0,0.0
1,R2,muito_baixo,64,0.0,0.0,0.0
1,R2,muito_baixo,65,0.0,0.0,0.0
1,R2,muito_baixo,66,0.0,0.0,0.0
1,R2,muito_baixo,67,0.0,0.0,0.0
1,R2,muito_baixo,68,0.0,0.0,0.0
1,R2,muito_baixo,69,0.0,0.0,0.0
1,R2,muito_baixo,70,0.0,0.0,0.0
1,R2,muito_baixo,71,0.0,0.0,0.0
1,R2,muito_baixo,72,0.0,0.0,0.0
1,R2,muito_baixo,73,0.0,0.0,0.0
1,R2,muito_baixo,74,0.0,0.0,0.0
1,R2,muito_baixo,75,0.0,0.0,0.0
1,R2,muito_baixo,76,0.0,0.0,0.0
1,R2,muito_baixo,77,0.0,0.0,0.0
1,R2,muito_baixo,78,0.0,0.0,0.0
1,R2,muito_baixo,79,0.0,0.0,0.0
1,R2,muito_baixo,80,0.0,0.0,0.0
1,R2,muito_baixo,81,0.0,0.0,0.0
1,R2,muito_baixo,82,0.0,0.0,0.0
1,R2,muito_baixo,83,0.0,0.0,0.0
1,R2,muito_baixo,84,0.0,0.0,0.0
1,R2,muito_baixo,85,0.0,0.0,0.0
1,R2,muito_baixo,86,0.0,0.0,0.0
1,R2,muito_baixo,87,0.0,0.0,0.0
1,R2,muito_baixo,88,0.0,0.0,0.0
1,R2,muito_baixo,89,0.0,0.0,0.0
1,R2,muito_baixo,90,0.0,0.0,0.0
1,R2,muito_baixo,91,0.0,0.0,0.0
1,R2,muito_baixo,92,0.0,0.0,0.0
1,R2,muito_baixo,93,0.0,0.0,0.0
1,R2,muito_baixo,94,0.0,0.0,0.0
1,R2,muito_baixo,95,0.0,0.0,0.0
1,R2,muito_baixo,96,0.0,0.0,0.0
1,R2,muito_baixo,97,0.0,0.0,0.0
1,R2,muito_baixo,98,0.0,0.0,0.0
1,R2,muito_baixo,99,0.0,0.0,0.0
1,R2,muito_baixo,100,0.0,0.0,0.0
1,R7,baixo,0,0.0,0.0,0.0
1,R7,baixo,1,0.0,0.0,0.0
1,R7,baixo,2,0.0,0.0,0.0
1,R7,baixo,3,0.0,0.0,0.0
1,R7,baixo,4,0.0,0.0,0.0
1,R7,baixo,5,0.0,0.0,0.0
1,R7,baixo,6,0.0,0.0,0.0
1,R7,baixo,7,0.0,0.0,0.0
1,R7,baixo,8,0.0,0.0,0.0
1,R7,baixo,9,0.0,0.0,0.0
1,R7,baixo,10,0.0,0.0,0.0
1,R7,baixo,11,0.0,0.0,0.0
1,R7,baixo,12,0.0,0.0,0.0
1,R7,baixo,13,0.0,0.0,0.0
1,R7,baixo,14,0.0,0.0,0.0
1,R7,baixo,15,0.0,0.0,0.0
1,R7,baixo,16,0.06666666666666667,0.0,0.0
1,R7,baixo,17,0.13333333333333333,0.0,0.0
1,R7,baixo,18,0.2,0.0,0.0
1,R7,baixo,19,0.26666666666666666,0.0,0.0
1,R7,baixo,20,0.3333333333333333,0.0,0.0
1,R7,baixo,21,0.4,0.0,0.0
1,R7,baixo,22,0.4666666666666667,0.0,0.0
1,R7,baixo,23,0.5333333333333333,0.0,0.0
1,R7,baixo,24,0.6,0.0,0.0
1,R7,baixo,25,0.6666666666666666,0.0,0.0
1,R7,baixo,26,0.7333333333333333,0.0,0.0
1,R7,baixo,27,0.8,0.0,0.0
1,R7,baixo,28,0.8666666666666667,0.0,0.0
1,R7,baixo,29,0.9333333333333333,0.0,0.0
1,R7,baixo,30,1.0,0.0,0.0
1,R7,baixo,31,0.9333333333333333,0.0,0.0
1,R7,baixo,32,0.8666666666666667,0.0,0.0
1,R7,baixo,33,0.8,0.0,0.0
1,R7,baixo,34,0.7333333333333333,0.0,0.0
1,R7,baixo,35,0.6666666666666666,0.0,0.0
1,R7,baixo,36,0.6,0.0,0.0
1,R7,baixo,37,0.5333333333333333,0.0,0.0
1,R7,baixo,38,0.4666666666666667,0.0,0.0
1,R7,baixo,39,0.4,0.0,0.0
1,R7,baixo,40,0.3333333333333333,0.0,0.0
1,R7,baixo,41,0.26666666666666666,0.0,0.0
1,R7,baixo,42,0.2,0.0,0.0
1,R7,baixo,43,0.13333333333333333,0.0,0.0
1,R7,baixo,44,0.06666666666666667,0.0,0.0
1,R7,baixo,45,0.0,0.0,0.0
1,R7,baixo,46,0.0,0.0,0.0
1,R7,baixo,47,0.0,0.0,0.0
1,R7,baixo,48,0.0,0.0,0.0
1,R7,baixo,49,0.0,0.0,0.0
1,R7,baixo,50,0.0,0.0,0.0
1,R7,baixo,51,0.0,0.0,0.0
1,R7,baixo,52,0.0,0.0,0.0
1,R7,baixo,53,0.0,0.0,0.0
1,R7,baixo,54,0.0,0.0,0.0
1,R7,baixo,55,0.0,0.0,0.0
1,R7,baixo,56,0.0,0.0,0.0
1,R7,baixo,57,0.0,0.0,0.0
1,R7,baixo,58,0.0,0.0,0.0
1,R7,baixo,59,0.0,0.0,0.0
1,R7,baixo,60,0.0,0.0,0.0
1,R7,baixo,61,0.0,0.0,0.0
1,R7,baixo,62,0.0,0.0,0.0
1,R7,baixo,63,0.0,0.0,0.0
1,R7,baixo,64,0.0,0.0,0.0
1,R7,baixo,65,0.0,0.0,0.0
1,R7,baixo,66,0.0,0.0,0.0
1,R7,baixo,67,0.0,0.0,0.0
1,R7,baixo,68,0.0,0.0,0.0
1,R7,baixo,69,0.0,0.0,0.0
1,R7,baixo,70,0.0,0.0,0.0
1,R7,baixo,71,0.0,0.0,0.0
1,R7,baixo,72,0.0,0.0,0.0
1,R7,baixo,73,0.0,0.0,0.0
1,R7,baixo,74,0.0,0.0,0.0
1,R7,baixo,75,0.0,0.0,0.0
1,R7,baixo,76,0.0,0.0,0.0
1,R7,baixo,77,0.0,0.0,0.0
1,R7,baixo,78,0.0,0.0,0.0
1,R7,baixo,79,0.0,0.0,0.0
1,R7,baixo,80,0.0,0.0,0.0
1,R7,baixo,81,0.0,0.0,0.0
1,R7,baixo,82,0.0,0.0,0.0
1,R7,baixo,83,0.0,0.0,0.0
1,R7,baixo,84,0.0,0.0,0.0
1,R7,baixo,85,0.0,0.0,0.0
1,R7,baixo,86,0.0,0.0,0.0
1,R7,baixo,87,0.0,0.0,0.0
1,R7,baixo,88,0.0,0.0,0.0
1,R7,baixo,89,0.0,0.0,0.0
1,R7,baixo,90,0.0,0.0,0.0
1,R7,baixo,91,0.0,0.0,0.0
1,R7,baixo,92,0.0,0.0,0.0
1,R7,baixo,93,0.0,0.0,0.0
1,R7,baixo,94,0.0,0.0,0.0
1,R7,baixo,95,0.0,0.0,0.0
1,R7,baixo,96,0.0,0.0,0.0
1,R7,baixo,97,0.0,0.0,0.0
1,R7,baixo,98,0.0,0.0,0.0
1,R7,baixo,99,0.0,0.0,0.0
1,R7,baixo,100,0.0,0.0,0.0
2,R8,moderado,0,0.0,0.0,0.0
2,R8,moderado,1,0.0,0.0,0.0
2,R8,moderado,2,0.0,0.0,0.0
2,R8,moderado,3,0.0,0.0,0.0
2,R8,moderado,4,0.0,0.0,0.0
2,R8,moderado,5,0.0,0.0,0.0
2,R8,moderado,6,0.0,0.0,0.0
2,R8,moderado,7,0.0,0.0,0.0
2,R8,moderado,8,0.0,0.0,0.0
2,R8,moderado,9,0.0,0.0,0.0
2,R8,moderado,10,0.0,0.0,0.0
2,R8,moderado,11,0.0,0.0,0.0
2,R8,moderado,12,0.0,0.0,0.0
2,R8,moderado,13,0.0,0.0,0.0
2,R8,moderado,14,0.0,0.0,0.0
2,R8,moderado,15,0.0,0.0,0.0
2,R8,moderado,16,0.0,0.0,0.0
2,R8,moderado,17,0.0,0.0,0.0
2,R8,moderado,18,0.0,0.0,0.0
2,R8,moderado,19,0.0,0.0,0.0
2,R8,moderado,20,0.0,0.0,0.0
2,R8,moderado,21,0.0,0.0,0.0
2,R8,moderado,22,0.0,0.0,0.0
2,R8,moderado,23,0.0,0.0,0.0
2,R8,moderado,24,0.0,0.0,0.0
2,R8,moderado,25,0.0,0.0,0.0
2,R8,moderado,26,0.0,0.0,0.0
2,R8,moderado,27,0.0,0.0,0.0
2,R8,moderado,28,0.0,0.0,0.0
2,R8,moderado,29,0.0,0.0,0.0
2,R8,moderado,30,0.0,0.0,0.0
2,R8,moderado,31,0.0,0.0,0.0
2,R8,moderado,32,0.0,0.0,0.0
2,R8,moderado,33,0.0,0.0,0.0
2,R8,moderado,34,0.0,0.0,0.0
2,R8,moderado,35,0.0,0.0,0.0
2,R8,moderado,36,0.0,0.0,0.0
2,R8,moderado,37,0.0,0.0,0.0
2,R8,moderado,38,0.0,0.0,0.0
2,R8,moderado,39,0.0,0.0,0.0
2,R8,moderado,40,0.0,0.0,0.0
2,R8,moderado,41,0.08,0.0,0.0
2,R8,moderado,42,0.16,0.0,0.0
2,R8,moderado,43,0.24,0.0,0.0
2,R8,moderado,44,0.32,0.0,0.0
2,R8,moderado,45,0.4,0.0,0.0
2,R8,moderado,46,0.48,0.0,0.0
2,R8,moderado,47,0.56,0.0,0.0
2,R8,moderado,48,0.64,0.0,0.0
2,R8,moderado,49,0.72,0.0,0.0
2,R8,moderado,50,0.8,0.0,0.0
2,R8,moderado,51,0.88,0.0,0.0
2,R8,moderado,52,0.96,0.0,0.0
2,R8,moderado,53,0.96,0.0,0.0
2,R8,moderado,54,0.88,0.0,0.0
2,R8,moderado,55,0.8,0.0,0.0
2,R8,moderado,56,0.72,0.0,0.0
2,R8,moderado,57,0.64,0.0,0.0
2,R8,moderado,58,0.56,0.0,0.0
2,R8,moderado,59,0.48,0.0,0.0
2,R8,moderado,60,0.4,0.0,0.0
2,R8,moderado,61,0.32,0.0,0.0
2,R8,moderado,62,0.24,0.0,0.0
2,R8,moderado,63,0.16,0.0,0.0
2,R8,moderado,64,0.08,0.0,0.0
2,R8,moderado,65,0.0,0.0,0.0
2,R8,moderado,66,0.0,0.0,0.0
2,R8,moderado,67,0.0,0.0,0.0
2,R8,moderado,68,0.0,0.0,0.0
2,R8,moderado,69,0.0,0.0,0.0
2,R8,moderado,70,0.0,0.0,0.0
2,R8,moderado,71,0.0,0.0,0.0
2,R8,moderado,72,0.0,0.0,0.0
2,R8,moderado,73,0.0,0.0,0.0
2,R8,moderado,74,0.0,0.0,0.0
2,R8,moderado,75,0.0,0.0,0.0
2,R8,moderado,76,0.0,0.0,0.0
2,R8,moderado,77,0.0,0.0,0.0
2,R8,moderado,78,0.0,0.0,0.0
2,R8,moderado,79,0.0,0.0,0.0
2,R8,moderado,80,0.0,0.0,0.0
2,R8,moderado,81,0.0,0.0,0.0
2,R8,moderado,82,0.0,0.0,0.0
2,R8,moderado,83,0.0,0.0,0.0
2,R8,moderado,84,0.0,0.0,0.0
2,R8,moderado,85,0.0,0.0,0.0
2,R8,moderado,86,0.0,0.0,0.0
2,R8,moderado,87,0.0,0.0,0.0
2,R8,moderado,88,0.0,0.0,0.0
2,R8,moderado,89,0.0,0.0,0.0
2,R8,moderado,90,0.0,0.0,0.0
2,R8,moderado,91,0.0,0.0,0.0
2,R8,moderado,92,0.0,0.0,0.0
2,R8,moderado,93,0.0,0.0,0.0
2,R8,moderado,94,0.0,0.0,0.0
2,R8,moderado,95,0.0,0.0,0.0
2,R8,moderado,96,0.0,0.0,0.0
2,R8,moderado,97,0.0,0.0,0.0
2,R8,moderado,98,0.0,0.0,0.0
2,R8,moderado,99,0.0,0.0,0.0
2,R8,moderado,100,0.0,0.0,0.0
3,R13,alto,0,0.0,0.17600000000000002,0.0
3,R13,alto,1,0.0,0.17600000000000002,0.0
3,R13,alto,2,0.0,0.17600000000000002,0.0
3,R13,alto,3,0.0,0.17600000000000002,0.0
3,R13,alto,4,0.0,0.17600000000000002,0.0
3,R13,alto,5,0.0,0.17600000000000002,0.0
3,R13,alto,6,0.0,0.17600000000000002,0.0
3,R13,alto,7,0.0,0.17600000000000002,0.0
3,R13,alto,8,0.0,0.17600000000000002,0.0
3,R13,alto,9,0.0,0.17600000000000002,0.0
3,R13,alto,10,0.0,0.17600000000000002,0.0
3,R13,alto,11,0.0,0.17600000000000002,0.0
3,R13,alto,12,0.0,0.17600000000000002,0.0
3,R13,alto,13,0.0,0.17600000000000002,0.0
3,R13,alto,14,0.0,0.17600000000000002,0.0
3,R13,alto,15,0.0,0.17600000000000002,0.0
3,R13,alto,16,0.0,0.17600000000000002,0.0
3,R13,alto,17,0.0,0.17600000000000002,0.0
3,R13,alto,18,0.0,0.17600000000000002,0.0
3,R13,alto,19,0.0,0.17600000000000002,0.0
3,R13,alto,20,0.0,0.17600000000000002,0.0
3,R13,alto,21,0.0,0.17600000000000002,0.0
3,R13,alto,22,0.0,0.17600000000000002,0.0
3,R13,alto,23,0.0,0.17600000000000002,0.0
3,R13,alto,24,0.0,0.17600000000000002,0.0
3,R13,alto,25,0.0,0.17600000000000002,0.0
3,R13,alto,26,0.0,0.17600000000000002,0.0
3,R13,alto,27,0.0,0.17600000000000002,0.0
3,R13,alto,28,0.0,0.17600000000000002,0.0
3,R13,alto,29,0.0,0.17600000000000002,0.0
3,R13,alto,30,0.0,0.17600000000000002,0.0
3,R13,alto,31,0.0,0.17600000000000002,0.0
3,R13,alto,32,0.0,0.17600000000000002,0.0
3,R13,alto,33,0.0,0.17600000000000002,0.0
3,R13,alto,34,0.0,0.17600000000000002,0.0
3,R13,alto,35,0.0,0.17600000000000002,0.0
3,R13,alto,36,0.0,0.17600000000000002,0.0
3,R13,alto,37,0.0,0.17600000000000002,0.0
3,R13,alto,38,0.0,0.17600000000000002,0.0
3,R13,alto,39,0.0,0.17600000000000002,0.0
3,R13,alto,40,0.0,0.17600000000000002,0.0
3,R13,alto,41,0.0,0.17600000000000002,0.0
3,R13,alto,42,0.0,0.17600000000000002,0.0
3,R13,alto,43,0.0,0.17600000000000002,0.0
3,R13,alto,44,0.0,0.17600000000000002,0.0
3,R13,alto,45,0.0,0.17600000000000002,0.0
3,R13,alto,46,0.0,0.17600000000000002,0.0
3,R13,alto,47,0.0,0.17600000000000002,0.0
3,R13,alto,48,0.0,0.17600000000000002,0.0
3,R13,alto,49,0.0,0.17600000000000002,0.0
3,R13,alto,50,0.0,0.17600000000000002,0.0
3,R13,alto,51,0.0,0.17600000000000002,0.0
3,R13,alto,52,0.0,0.17600000000000002,0.0
3,R13,alto,53,0.0,0.17600000000000002,0.0
3,R13,alto,54,0.0,0.17600000000000002,0.0
3,R13,alto,55,0.0,0.17600000000000002,0.0
3,R13,alto,56,0.0,0.17600000000000002,0.0
3,R13,alto,57,0.0,0.17600000000000002,0.0
3,R13,alto,58,0.0,0.17600000000000002,0.0
3,R13,alto,59,0.0,0.17600000000000002,0.0
3,R13,alto,60,0.0,0.17600000000000002,0.0
3,R13,alto,61,0.08,0.17600000000000002,0.0
3,R13,alto,62,0.16,0.17600000000000002,0.0
3,R13,alto,63,0.24,0.17600000000000002,0.0
3,R13,alto,64,0.32,0.17600000000000002,0.0
3,R13,alto,65,0.4,0.17600000000000002,0.0
3,R13,alto,66,0.48,0.17600000000000002,0.0
3,R13,alto,67,0.56,0.17600000000000002,0.0
3,R13,alto,68,0.64,0.17600000000000002,0.013760000000000031
3,R13,alto,69,0.72,0.17600000000000002,0.04981333333333334
3,R13,alto,70,0.8,0.17600000000000002,0.0858666666666667
3,R13,alto,71,0.88,0.17600000000000002,0.12192000000000003
3,R13,alto,72,0.96,0.17600000000000002,0.1579733333333333
3,R13,alto,73,0.96,0.17600000000000002,0.1579733333333333
3,R13,alto,74,0.88,0.17600000000000002,0.12192000000000003
3,R13,alto,75,0.8,0.17600000000000002,0.0858666666666667
3,R13,alto,76,0.72,0.17600000000000002,0.04981333333333334
3,R13,alto,77,0.64,0.17600000000000002,0.013760000000000031
3,R13,alto,78,0.56,0.17600000000000002,0.0
3,R13,alto,79,0.48,0.17600000000000002,0.0
3,R13,alto,80,0.4,0.17600000000000002,0.0
3,R13,alto,81,0.32,0.17600000000000002,0.0
3,R13,alto,82,0.24,0.17600000000000002,0.0
3,R13,alto,83,0.16,0.17600000000000002,0.0
3,R13,alto,84,0.08,0.17600000000000002,0.0
3,R13,alto,85,0.0,0.17600000000000002,0.0
3,R13,alto,86,0.0,0.17600000000000002,0.0
3,R13,alto,87,0.0,0.17600000000000002,0.0
3,R13,alto,88,0.0,0.17600000000000002,0.0
3,R13,alto,89,0.0,0.17600000000000002,0.0
3,R13,alto,90,0.0,0.17600000000000002,0.0
3,R13,alto,91,0.0,0.17600000000000002,0.0
3,R13,alto,92,0.0,0.17600000000000002,0.0
3,R13,alto,93,0.0,0.17600000000000002,0.0
3,R13,alto,94,0.0,0.17600000000000002,0.0
3,R13,alto,95,0.0,0.17600000000000002,0.0
3,R13,alto,96,0.0,0.17600000000000002,0.0
3,R13,alto,97,0.0,0.17600000000000002,0.0
3,R13,alto,98,0.0,0.17600000000000002,0.0
3,R13,alto,99,0.0,0.17600000000000002,0.0
3,R13,alto,100,0.0,0.17600000000000002,0.0
4,R13,alto,0,0.0,0.012400000000000142,0.0
4,R13,alto,1,0.0,0.012400000000000142,0.0
4,R13,alto,2,0.0,0.012400000000000142,0.0
4,R13,alto,3,0.0,0.012400000000000142,0.0
4,R13,alto,4,0.0,0.012400000000000142,0.0
4,R13,alto,5,0.0,0.012400000000000142,0.0
4,R13,alto,6,0.0,0.012400000000000142,0.0
4,R13,alto,7,0.0,0.012400000000000142,0.0
4,R13,alto,8,0.0,0.012400000000000142,0.0
4,R13,alto,9,0.0,0.012400000000000142,0.0
4,R13,alto,10,0.0,0.012400000000000142,0.0
4,R13,alto,11,0.0,0.012400000000000142,0.0
4,R13,alto,12,0.0,0.012400000000000142,0.0
4,R13,alto,13,0.0,0.012400000000000142,0.0
4,R13,alto,14,0.0,0.012400000000000142,0.0
4,R13,alto,15,0.0,0.012400000000000142,0.0
4,R13,alto,16,0.0,0.012400000000000142,0.0
4,R13,alto,17,0.0,0.012400000000000142,0.0
4,R13,alto,18,0.0,0.012400000000000142,0.0
4,R13,alto,19,0.0,0.012400000000000142,0.0
4,R13,alto,20,0.0,0.012400000000000142,0.0
4,R13,alto,21,0.0,0.012400000000000142,0.0
4,R13,alto,22,0.0,0.012400000000000142,0.0
4,R13,alto,23,0.0,0.012400000000000142,0.0
4,R13,alto,24,0.0,0.012400000000000142,0.0
4,R13,alto,25,0.0,0.012400000000000142,0.0
4,R13,alto,26,0.0,0.012400000000000142,0.0
4,R13,alto,27,0.0,0.012400000000000142,0.0
4,R13,alto,28,0.0,0.012400000000000142,0.0
4,R13,alto,29,0.0,0.012400000000000142,0.0
4,R13,alto,30,0.0,0.012400000000000142,0.0
4,R13,alto,31,0.0,0.012400000000000142,0.0
4,R13,alto,32,0.0,0.012400000000000142,0.0
4,R13,alto,33,0.0,0.012400000000000142,0.0
4,R13,alto,34,0.0,0.012400000000000142,0.0
4,R13,alto,35,0.0,0.012400000000000142,0.0
4,R13,alto,36,0.0,0.012400000000000142,0.0
4,R13,alto,37,0.0,0.012400000000000142,0.0
4,R13,alto,38,0.0,0.012400000000000142,0.0
4,R13,alto,39,0.0,0.012400000000000142,0.0
4,R13,alto,40,0.0,0.012400000000000142,0.0
4,R13,alto,41,0.0,0.012400000000000142,0.0
4,R13,alto,42,0.0,0.012400000000000142,0.0
4,R13,alto,43,0.0,0.012400000000000142,0.0
4,R13,alto,44,0.0,0.012400000000000142,0.0
4,R13,alto,45,0.0,0.012400000000000142,0.0
4,R13,alto,46,0.0,0.012400000000000142,0.0
4,R13,alto,47,0.0,0.012400000000000142,0.0
4,R13,alto,48,0.0,0.012400000000000142,0.0
4,R13,alto,49,0.0,0.012400000000000142,0.0
4,R13,alto,50,0.0,0.012400000000000142,0.0
4,R13,alto,51,0.0,0.012400000000000142,0.0
4,R13,alto,52,0.0,0.012400000000000142,0.0
4,R13,alto,53,0.0,0.012400000000000142,0.0
4,R13,alto,54,0.0,0.012400000000000142,0.0
4,R13,alto,55,0.0,0.012400000000000142,0.0
4,R13,alto,56,0.0,0.012400000000000142,0.0
4,R13,alto,57,0.0,0.012400000000000142,0.0
4,R13,alto,58,0.0,0.012400000000000142,0.0
4,R13,alto,59,0.0,0.012400000000000142,0.0
4,R13,alto,60,0.0,0.012400000000000142,0.0
4,R13,alto,61,0.08,0.012400000000000142,0.0
4,R13,alto,62,0.16,0.012400000000000142,0.0
4,R13,alto,63,0.24,0.012400000000000142,0.0
4,R13,alto,64,0.32,0.012400000000000142,0.0
4,R13,alto,65,0.4,0.012400000000000142,0.0
4,R13,alto,66,0.48,0.012400000000000142,0.0
4,R13,alto,67,0.56,0.012400000000000142,0.0
4,R13,alto,68,0.64,0.012400000000000142,0.0
4,R13,alto,69,0.72,0.012400000000000142,0.0
4,R13,alto,70,0.8,0.012400000000000142,0.0
4,R13,alto,71,0.88,0.012400000000000142,0.0
4,R13,alto,72,0.96,0.012400000000000142,0.0
4,R13,alto,73,0.96,0.012400000000000142,0.0
4,R13,alto,74,0.88,0.012400000000000142,0.0
4,R13,alto,75,0.8,0.012400000000000142,0.0
4,R13,alto,76,0.72,0.012400000000000142,0.0
4,R13,alto,77,0.64,0.012400000000000142,0.0
4,R13,alto,78,0.56,0.012400000000000142,0.0
4,R13,alto,79,0.48,0.012400000000000142,0.0
4,R13,alto,80,0.4,0.012400000000000142,0.0
4,R13,alto,81,0.32,0.012400000000000142,0.0
4,R13,alto,82,0.24,0.012400000000000142,0.0
4,R13,alto,83,0.16,0.012400000000000142,0.0
4,R13,alto,84,0.08,0.012400000000000142,0.0
4,R13,alto,85,0.0,0.012400000000000142,0.0
4,R13,alto,86,0.0,0.012400000000000142,0.0
4,R13,alto,87,0.0,0.012400000000000142,0.0
4,R13,alto,88,0.0,0.012400000000000142,0.0
4,R13,alto,89,0.0,0.012400000000000142,0.0
4,R13,alto,90,0.0,0.012400000000000142,0.0
4,R13,alto,91,0.0,0.012400000000000142,0.0
4,R13,alto,92,0.0,0.012400000000000142,0.0
4,R13,alto,93,0.0,0.012400000000000142,0.0
4,R13,alto,94,0.0,0.012400000000000142,0.0
4,R13,alto,95,0.0,0.012400000000000142,0.0
4,R13,alto,96,0.0,0.012400000000000142,0.0
4,R13,alto,97,0.0,0.012400000000000142,0.0
4,R13,alto,98,0.0,0.012400000000000142,0.0
4,R13,alto,99,0.0,0.012400000000000142,0.0
4,R13,alto,100,0.0,0.012400000000000142,0.0
4,R14,alto,0,0.0,0.20760000000000023,0.0
4,R14,alto,1,0.0,0.20760000000000023,0.0
4,R14,alto,2,0.0,0.20760000000000023,0.0
4,R14,alto,3,0.0,0.20760000000000023,0.0
4,R14,alto,4,0.0,0.20760000000000023,0.0
4,R14,alto,5,0.0,0.20760000000000023,0.0
4,R14,alto,6,0.0,0.20760000000000023,0.0
4,R14,alto,7,0.0,0.20760000000000023,0.0
4,R14,alto,8,0.0,0.20760000000000023,0.0
4,R14,alto,9,0.0,0.20760000000000023,0.0
4,R14,alto,10,0.0,0.20760000000000023,0.0
4,R14,alto,11,0.0,0.20760000000000023,0.0
4,R14,alto,12,0.0,0.20760000000000023,0.0
4,R14,alto,13,0.0,0.20760000000000023,0.0
4,R14,alto,14,0.0,0.20760000000000023,0.0
4,R14,alto,15,0.0,0.20760000000000023,0.0
4,R14,alto,16,0.0,0.20760000000000023,0.0
4,R14,alto,17,0.0,0.20760000000000023,0.0
4,R14,alto,18,0.0,0.20760000000000023,0.0
4,R14,alto,19,0.0,0.20760000000000023,0.0
4,R14,alto,20,0.0,0.20760000000000023,0.0
4,R14,alto,21,0.0,0.20760000000000023,0.0
4,R14,alto,22,0.0,0.20760000000000023,0.0
4,R14,alto,23,0.0,0.20760000000000023,0.0
4,R14,alto,24,0.0,0.20760000000000023,0.0
4,R14,alto,25,0.0,0.20760000000000023,0.0
4,R14,alto,26,0.0,0.20760000000000023,0.0
4,R14,alto,27,0.0,0.20760000000000023,0.0
4,R14,alto,28,0.0,0.20760000000000023,0.0
4,R14,alto,29,0.0,0.20760000000000023,0.0
4,R14,alto,30,0.0,0.20760000000000023,0.0
4,R14,alto,31,0.0,0.20760000000000023,0.0
4,R14,alto,32,0.0,0.20760000000000023,0.0
4,R14,alto,33,0.0,0.20760000000000023,0.0
4,R14,alto,34,0.0,0.20760000000000023,0.0
4,R14,alto,35,0.0,0.20760000000000023,0.0
4,R14,alto,36,0.0,0.20760000000000023,0.0
4,R14,alto,37,0.0,0.20760000000000023,0.0
4,R14,alto,38,0.0,0.20760000000000023,0.0
4,R14,alto,39,0.0,0.20760000000000023,0.0
4,R14,alto,40,0.0,0.20760000000000023,0.0
4,R14,alto,41,0.0,0.20760000000000023,0.0
4,R14,alto,42,0.0,0.20760000000000023,0.0
4,R14,alto,43,0.0,0.20760000000000023,0.0
4,R14,alto,44,0.0,0.20760000000000023,0.0
4,R14,alto,45,0.0,0.20760000000000023,0.0
4,R14,alto,46,0.0,0.20760000000000023,0.0
4,R14,alto,47,0.0,0.20760000000000023,0.0
4,R14,alto,48,0.0,0.20760000000000023,0.0
4,R14,alto,49,0.0,0.20760000000000023,0.0
4,R14,alto,50,0.0,0.20760000000000023,0.0
4,R14,alto,51,0.0,0.20760000000000023,0.0
4,R14,alto,52,0.0,0.20760000000000023,0.0
4,R14,alto,53,0.0,0.20760000000000023,0.0
4,R14,alto,54,0.0,0.20760000000000023,0.0
4,R14,alto,55,0.0,0.20760000000000023,0.0
4,R14,alto,56,0.0,0.20760000000000023,0.0
4,R14,alto,57,0.0,0.20760000000000023,0.0
4,R14,alto,58,0.0,0.20760000000000023,0.0
4,R14,alto,59,0.0,0.20760000000000023,0.0
4,R14,alto,60,0.0,0.20760000000000023,0.0
4,R14,alto,61,0.08,0.20760000000000023,0.0
4,R14,alto,62,0.16,0.20760000000000023,0.0
4,R14,alto,63,0.24,0.20760000000000023,0.0
4,R14,alto,64,0.32,0.20760000000000023,0.0
4,R14,alto,65,0.4,0.20760000000000023,0.0
4,R14,alto,66,0.48,0.20760000000000023,0.0
4,R14,alto,67,0.56,0.20760000000000023,3.73333333335187e-05
4,R14,alto,68,0.64,0.20760000000000023,0.03777600000000018
4,R14,alto,69,0.72,0.20760000000000023,0.07551466666666684
4,R14,alto,70,0.8,0.20760000000000023,0.11325333333333355
4,R14,alto,71,0.88,0.20760000000000023,0.15099200000000018
4,R14,alto,72,0.96,0.20760000000000023,0.1887306666666669
4,R14,alto,73,0.96,0.20760000000000023,0.1887306666666669
4,R14,alto,74,0.88,0.20760000000000023,0.15099200000000018
4,R14,alto,75,0.8,0.20760000000000023,0.11325333333333355
4,R14,alto,76,0.72,0.20760000000000023,0.07551466666666684
4,R14,alto,77,0.64,0.20760000000000023,0.03777600000000018
4,R14,alto,78,0.56,0.20760000000000023,3.73333333335187e-05
4,R14,alto,79,0.48,0.20760000000000023,0.0
4,R14,alto,80,0.4,0.20760000000000023,0.0
4,R14,alto,81,0.32,0.20760000000000023,0.0
4,R14,alto,82,0.24,0.20760000000000023,0.0
4,R14,alto,83,0.16,0.20760000000000023,0.0
4,R14,alto,84,0.08,0.20760000000000023,0.0
4,R14,alto,85,0.0,0.20760000000000023,0.0
4,R14,alto,86,0.0,0.20760000000000023,0.0
4,R14,alto,87,0.0,0.20760000000000023,0.0
4,R14,alto,88,0.0,0.20760000000000023,0.0
4,R14,alto,89,0.0,0.20760000000000023,0.0
4,R14,alto,90,0.0,0.20760000000000023,0.0
4,R14,alto,91,0.0,0.20760000000000023,0.0
4,R14,alto,92,0.0,0.20760000000000023,0.0
4,R14,alto,93,0.0,0.20760000000000023,0.0
4,R14,alto,94,0.0,0.20760000000000023,0.0
4,R14,alto,95,0.0,0.20760000000000023,0.0
4,R14,alto,96,0.0,0.20760000000000023,0.0
4,R14,alto,97,0.0,0.20760000000000023,0.0
4,R14,alto,98,0.0,0.20760000000000023,0.0
4,R14,alto,99,0.0,0.20760000000000023,0.0
4,R14,alto,100,0.0,0.20760000000000023,0.0
5,R19,altissimo,0,0.0,0.08844021164021147,0.0
5,R19,altissimo,1,0.0,0.08844021164021147,0.0
5,R19,altissimo,2,0.0,0.08844021164021147,0.0
5,R19,altissimo,3,0.0,0.08844021164021147,0.0
5,R19,altissimo,4,0.0,0.08844021164021147,0.0
5,R19,altissimo,5,0.0,0.08844021164021147,0.0
5,R19,altissimo,6,0.0,0.08844021164021147,0.0
5,R19,altissimo,7,0.0,0.08844021164021147,0.0
5,R19,altissimo,8,0.0,0.08844021164021147,0.0
5,R19,altissimo,9,0.0,0.08844021164021147,0.0
5,R19,altissimo,10,0.0,0.08844021164021147,0.0
5,R19,altissimo,11,0.0,0.08844021164021147,0.0
5,R19,altissimo,12,0.0,0.08844021164021147,0.0
5,R19,altissimo,13,0.0,0.08844021164021147,0.0
5,R19,altissimo,14,0.0,0.08844021164021147,0.0
5,R19,altissimo,15,0.0,0.08844021164021147,0.0
5,R19,altissimo,16,0.0,0.08844021164021147,0.0
5,R19,altissimo,17,0.0,0.08844021164021147,0.0
5,R19,altissimo,18,0.0,0.08844021164021147,0.0
5,R19,altissimo,19,0.0,0.08844021164021147,0.0
5,R19,altissimo,20,0.0,0.08844021164021147,0.0
5,R19,altissimo,21,0.0,0.08844021164021147,0.0
5,R19,altissimo,22,0.0,0.08844021164021147,0.0
5,R19,altissimo,23,0.0,0.08844021164021147,0.0
5,R19,altissimo,24,0.0,0.08844021164021147,0.0
5,R19,altissimo,25,0.0,0.08844021164021147,0.0
5,R19,altissimo,26,0.0,0.08844021164021147,0.0
5,R19,altissimo,27,0.0,0.08844021164021147,0.0
5,R19,altissimo,28,0.0,0.08844021164021147,0.0
5,R19,altissimo,29,0.0,0.08844021164021147,0.0
5,R19,altissimo,30,0.0,0.08844021164021147,0.0
5,R19,altissimo,31,0.0,0.08844021164021147,0.0
5,R19,altissimo,32,0.0,0.08844021164021147,0.0
5,R19,altissimo,33,0.0,0.08844021164021147,0.0
5,R19,altissimo,34,0.0,0.08844021164021147,0.0
5,R19,altissimo,35,0.0,0.08844021164021147,0.0
5,R19,altissimo,36,0.0,0.08844021164021147,0.0
5,R19,altissimo,37,0.0,0.08844021164021147,0.0
5,R19,altissimo,38,0.0,0.08844021164021147,0.0
5,R19,altissimo,39,0.0,0.08844021164021147,0.0
5,R19,altissimo,40,0.0,0.08844021164021147,0.0
5,R19,altissimo,41,0.0,0.08844021164021147,0.0
5,R19,altissimo,42,0.0,0.08844021164021147,0.0
5,R19,altissimo,43,0.0,0.08844021164021147,0.0
5,R19,altissimo,44,0.0,0.08844021164021147,0.0
5,R19,altissimo,45,0.0,0.08844021164021147,0.0
5,R19,altissimo,46,0.0,0.08844021164021147,0.0
5,R19,altissimo,47,0.0,0.08844021164021147,0.0
5,R19,altissimo,48,0.0,0.08844021164021147,0.0
5,R19,altissimo,49,0.0,0.08844021164021147,0.0
5,R19,altissimo,50,0.0,0.08844021164021147,0.0
5,R19,altissimo,51,0.0,0.08844021164021147,0.0
5,R19,altissimo,52,0.0,0.08844021164021147,0.0
5,R19,altissimo,53,0.0,0.08844021164021147,0.0
5,R19,altissimo,54,0.0,0.08844021164021147,0.0
5,R19,altissimo,55,0.0,0.08844021164021147,0.0
5,R19,altissimo,56,0.0,0.08844021164021147,0.0
5,R19,altissimo,57,0.0,0.08844021164021147,0.0
5,R19,altissimo,58,0.0,0.08844021164021147,0.0
5,R19,altissimo,59,0.0,0.08844021164021147,0.0
5,R19,altissimo,60,0.0,0.08844021164021147,0.0
5,R19,altissimo,61,0.0,0.08844021164021147,0.0
5,R19,altissimo,62,0.0,0.08844021164021147,0.0
5,R19,altissimo,63,0.0,0.08844021164021147,0.0
5,R19,altissimo,64,0.0,0.08844021164021147,0.0
5,R19,altissimo,65,0.0,0.08844021164021147,0.0
5,R19,altissimo,66,0.0,0.08844021164021147,0.0
5,R19,altissimo,67,0.0,0.08844021164021147,0.0
5,R19,altissimo,68,0.0,0.08844021164021147,0.0
5,R19,altissimo,69,0.0,0.08844021164021147,0.0
5,R19,altissimo,70,0.0,0.08844021164021147,0.0
5,R19,altissimo,71,0.0,0.08844021164021147,0.0
5,R19,altissimo,72,0.0,0.08844021164021147,0.0
5,R19,altissimo,73,0.0,0.08844021164021147,0.0
5,R19,altissimo,74,0.0,0.08844021164021147,0.0
5,R19,altissimo,75,0.0,0.08844021164021147,0.0
5,R19,altissimo,76,0.0,0.08844021164021147,0.0
5,R19,altissimo,77,0.0,0.08844021164021147,0.0
5,R19,altissimo,78,0.0,0.08844021164021147,0.0
5,R19,altissimo,79,0.0,0.08844021164021147,0.0
5,R19,altissimo,80,0.0,0.08844021164021147,0.0
5,R19,altissimo,81,0.1,0.08844021164021147,0.0
5,R19,altissimo,82,0.2,0.08844021164021147,0.0
5,R19,altissimo,83,0.3,0.08844021164021147,0.0
5,R19,altissimo,84,0.4,0.08844021164021147,0.0
5,R19,altissimo,85,0.5,0.08844021164021147,0.0
5,R19,altissimo,86,0.6,0.08844021164021147,0.0
5,R19,altissimo,87,0.7,0.08844021164021147,0.0
5,R19,altissimo,88,0.8,0.08844021164021147,0.009981516754849947
5,R19,altissimo,89,0.9,0.08844021164021147,0.0492108641975307
5,R19,altissimo,90,1.0,0.08844021164021147,0.08844021164021147
5,R19,altissimo,91,1.0,0.08844021164021147,0.08844021164021147
5,R19,altissimo,92,1.0,0.08844021164021147,0.08844021164021147
5,R19,altissimo,93,1.0,0.08844021164021147,0.08844021164021147
5,R19,altissimo,94,1.0,0.08844021164021147,0.08844021164021147
5,R19,altissimo,95,1.0,0.08844021164021147,0.08844021164021147
5,R19,altissimo,96,1.0,0.08844021164021147,0.08844021164021147
5,R19,altissimo,97,1.0,0.08844021164021147,0.08844021164021147
5,R19,altissimo,98,1.0,0.08844021164021147,0.08844021164021147
5,R19,altissimo,99,1.0,0.08844021164021147,0.08844021164021147
5,R19,altissimo,100,1.0,0.08844021164021147,0.08844021164021147
6,R19,altissimo,0,0.0,0.2066793650793652,0.0
6,R19,altissimo,1,0.0,0.2066793650793652,0.0
6,R19,altissimo,2,0.0,0.2066793650793652,0.0
6,R19,altissimo,3,0.0,0.2066793650793652,0.0
6,R19,altissimo,4,0.0,0.2066793650793652,0.0
6,R19,altissimo,5,0.0,0.2066793650793652,0.0
6,R19,altissimo,6,0.0,0.2066793650793652,0.0
6,R19,altissimo,7,0.0,0.2066793650793652,0.0
6,R19,altissimo,8,0.0,0.2066793650793652,0.0
6,R19,altissimo,9,0.0,0.2066793650793652,0.0
6,R19,altissimo,10,0.0,0.2066793650793652,0.0
6,R19,altissimo,11,0.0,0.2066793650793652,0.0
6,R19,altissimo,12,0.0,0.2066793650793652,0.0
6,R19,altissimo,13,0.0,0.2066793650793652,0.0
6,R19,altissimo,14,0.0,0.2066793650793652,0.0
6,R19,altissimo,15,0.0,0.2066793650793652,0.0
6,R19,altissimo,16,0.0,0.2066793650793652,0.0
6,R19,altissimo,17,0.0,0.2066793650793652,0.0
6,R19,altissimo,18,0.0,0.2066793650793652,0.0
6,R19,altissimo,19,0.0,0.2066793650793652,0.0
6,R19,altissimo,20,0.0,0.2066793650793652,0.0
6,R19,altissimo,21,0.0,0.2066793650793652,0.0
6,R19,altissimo,22,0.0,0.2066793650793652,0.0
6,R19,altissimo,23,0.0,0.2066793650793652,0.0
6,R19,altissimo,24,0.0,0.2066793650793652,0.0
6,R19,altissimo,25,0.0,0.2066793650793652,0.0
6,R19,altissimo,26,0.0,0.2066793650793652,0.0
6,R19,altissimo,27,0.0,0.2066793650793652,0.0
6,R19,altissimo,28,0.0,0.2066793650793652,0.0
6,R19,altissimo,29,0.0,0.2066793650793652,0.0
6,R19,altissimo,30,0.0,0.2066793650793652,0.0
6,R19,altissimo,31,0.0,0.2066793650793652,0.0
6,R19,altissimo,32,0.0,0.2066793650793652,0.0
6,R19,altissimo,33,0.0,0.2066793650793652,0.0
6,R19,altissimo,34,0.0,0.2066793650793652,0.0
6,R19,altissimo,35,0.0,0.2066793650793652,0.0
6,R19,altissimo,36,0.0,0.2066793650793652,0.0
6,R19,altissimo,37,0.0,0.2066793650793652,0.0
6,R19,altissimo,38,0.0,0.2066793650793652,0.0
6,R19,altissimo,39,0.0,0.2066793650793652,0.0
6,R19,altissimo,40,0.0,0.2066793650793652,0.0
6,R19,altissimo,41,0.0,0.2066793650793652,0.0
6,R19,altissimo,42,0.0,0.2066793650793652,0.0
6,R19,altissimo,43,0.0,0.2066793650793652,0.0
6,R19,altissimo,44,0.0,0.2066793650793652,0.0
6,R19,altissimo,45,0.0,0.2066793650793652,0.0
6,R19,altissimo,46,0.0,0.2066793650793652,0.0
6,R19,altissimo,47,0.0,0.2066793650793652,0.0
6,R19,altissimo,48,0.0,0.2066793650793652,0.0
6,R19,altissimo,49,0.0,0.2066793650793652,0.0
6,R19,altissimo,50,0.0,0.2066793650793652,0.0
6,R19,altissimo,51,0.0,0.2066793650793652,0.0
6,R19,altissimo,52,0.0,0.2066793650793652,0.0
6,R19,altissimo,53,0.0,0.2066793650793652,0.0
6,R19,altissimo,54,0.0,0.2066793650793652,0.0
6,R19,altissimo,55,0.0,0.2066793650793652,0.0
6,R19,altissimo,56,0.0,0.2066793650793652,0.0
6,R19,altissimo,57,0.0,0.2066793650793652,0.0
6,R19,altissimo,58,0.0,0.2066793650793652,0.0
6,R19,altissimo,59,0.0,0.2066793650793652,0.0
6,R19,altissimo,60,0.0,0.2066793650793652,0.0
6,R19,altissimo,61,0.0,0.2066793650793652,0.0
6,R19,altissimo,62,0.0,0.2066793650793652,0.0
6,R19,altissimo,63,0.0,0.2066793650793652,0.0
6,R19,altissimo,64,0.0,0.2066793650793652,0.0
6,R19,altissimo,65,0.0,0.2066793650793652,0.0
6,R19,altissimo,66,0.0,0.2066793650793652,0.0
6,R19,altissimo,67,0.0,0.2066793650793652,0.0
6,R19,altissimo,68,0.0,0.2066793650793652,0.0
6,R19,altissimo,69,0.0,0.2066793650793652,0.0
6,R19,altissimo,70,0.0,0.2066793650793652,0.0
6,R19,altissimo,71,0.0,0.2066793650793652,0.0
6,R19,altissimo,72,0.0,0.2066793650793652,0.0
6,R19,altissimo,73,0.0,0.2066793650793652,0.0
6,R19,altissimo,74,0.0,0.2066793650793652,0.0
6,R19,altissimo,75,0.0,0.2066793650793652,0.0
6,R19,altissimo,76,0.0,0.2066793650793652,0.0
6,R19,altissimo,77,0.0,0.2066793650793652,0.0
6,R19,altissimo,78,0.0,0.2066793650793652,0.0
6,R19,altissimo,79,0.0,0.2066793650793652,0.0
6,R19,altissimo,80,0.0,0.2066793650793652,0.0
6,R19,altissimo,81,0.1,0.2066793650793652,0.0
6,R19,altissimo,82,0.2,0.2066793650793652,0.0
6,R19,altissimo,83,0.3,0.2066793650793652,0.0
6,R19,altissimo,84,0.4,0.2066793650793652,0.0
6,R19,altissimo,85,0.5,0.2066793650793652,0.0
6,R19,altissimo,86,0.6,0.2066793650793652,0.018231534391534483
6,R19,altissimo,87,0.7,0.2066793650793652,0.06534349206349216
6,R19,altissimo,88,0.8,0.2066793650793652,0.1124554497354499
6,R19,altissimo,89,0.9,0.2066793650793652,0.15956740740740752
6,R19,altissimo,90,1.0,0.2066793650793652,0.20667936507936524
6,R19,altissimo,91,1.0,0.2066793650793652,0.20667936507936524
6,R19,altissimo,92,1.0,0.2066793650793652,0.20667936507936524
6,R19,altissimo,93,1.0,0.2066793650793652,0.20667936507936524
6,R19,altissimo,94,1.0,0.2066793650793652,0.20667936507936524
6,R19,altissimo,95,1.0,0.2066793650793652,0.20667936507936524
6,R19,altissimo,96,1.0,0.2066793650793652,0.20667936507936524
6,R19,altissimo,97,1.0,0.2066793650793652,0.20667936507936524
6,R19,altissimo,98,1.0,0.2066793650793652,0.20667936507936524
6,R19,altissimo,99,1.0,0.2066793650793652,0.20667936507936524
6,R19,altissimo,100,1.0,0.2066793650793652,0.20667936507936524
6,R20,altissimo,0,0.0,0.08483809523809531,0.0
6,R20,altissimo,1,0.0,0.08483809523809531,0.0
6,R20,altissimo,2,0.0,0.08483809523809531,0.0
6,R20,altissimo,3,0.0,0.08483809523809531,0.0
6,R20,altissimo,4,0.0,0.08483809523809531,0.0
6,R20,altissimo,5,0.0,0.08483809523809531,0.0
6,R20,altissimo,6,0.0,0.08483809523809531,0.0
6,R20,altissimo,7,0.0,0.08483809523809531,0.0
6,R20,altissimo,8,0.0,0.08483809523809531,0.0
6,R20,altissimo,9,0.0,0.08483809523809531,0.0
6,R20,altissimo,10,0.0,0.08483809523809531,0.0
6,R20,altissimo,11,0.0,0.08483809523809531,0.0
6,R20,altissimo,12,0.0,0.08483809523809531,0.0
6,R20,altissimo,13,0.0,0.08483809523809531,0.0
6,R20,altissimo,14,0.0,0.08483809523809531,0.0
6,R20,altissimo,15,0.0,0.08483809523809531,0.0
6,R20,altissimo,16,0.0,0.08483809523809531,0.0
6,R20,altissimo,17,0.0,0.08483809523809531,0.0
6,R20,altissimo,18,0.0,0.08483809523809531,0.0
6,R20,altissimo,19,0.0,0.08483809523809531,0.0
6,R20,altissimo,20,0.0,0.08483809523809531,0.0
6,R20,altissimo,21,0.0,0.08483809523809531,0.0
6,R20,altissimo,22,0.0,0.08483809523809531,0.0
6,R20,altissimo,23,0.0,0.08483809523809531,0.0
6,R20,altissimo,24,0.0,0.08483809523809531,0.0
6,R20,altissimo,25,0.0,0.08483809523809531,0.0
6,R20,altissimo,26,0.0,0.08483809523809531,0.0
6,R20,altissimo,27,0.0,0.08483809523809531,0.0
6,R20,altissimo,28,0.0,0.08483809523809531,0.0
6,R20,altissimo,29,0.0,0.08483809523809531,0.0
6,R20,altissimo,30,0.0,0.08483809523809531,0.0
6,R20,altissimo,31,0.0,0.08483809523809531,0.0
6,R20,altissimo,32,0.0,0.08483809523809531,0.0
6,R20,altissimo,33,0.0,0.08483809523809531,0.0
6,R20,altissimo,34,0.0,0.08483809523809531,0.0
6,R20,altissimo,35,0.0,0.08483809523809531,0.0
6,R20,altissimo,36,0.0,0.08483809523809531,0.0
6,R20,altissimo,37,0.0,0.08483809523809531,0.0
6,R20,altissimo,38,0.0,0.08483809523809531,0.0
6,R20,altissimo,39,0.0,0.08483809523809531,0.0
6,R20,altissimo,40,0.0,0.08483809523809531,0.0
6,R20,altissimo,41,0.0,0.08483809523809531,0.0
6,R20,altissimo,42,0.0,0.08483809523809531,0.0
6,R20,altissimo,43,0.0,0.08483809523809531,0.0
6,R20,altissimo,44,0.0,0.08483809523809531,0.0
6,R20,altissimo,45,0.0,0.08483809523809531,0.0
6,R20,altissimo,46,0.0,0.08483809523809531,0.0
6,R20,altissimo,47,0.0,0.08483809523809531,0.0
6,R20,altissimo,48,0.0,0.08483809523809531,0.0
6,R20,altissimo,49,0.0,0.08483809523809531,0.0
6,R20,altissimo,50,0.0,0.08483809523809531,0.0
6,R20,altissimo,51,0.0,0.08483809523809531,0.0
6,R20,altissimo,52,0.0,0.08483809523809531,0.0
6,R20,altissimo,53,0.0,0.08483809523809531,0.0
6,R20,altissimo,54,0.0,0.08483809523809531,0.0
6,R20,altissimo,55,0.0,0.08483809523809531,0.0
6,R20,altissimo,56,0.0,0.08483809523809531,0.0
6,R20,altissimo,57,0.0,0.08483809523809531,0.0
6,R20,altissimo,58,0.0,0.08483809523809531,0.0
6,R20,altissimo,59,0.0,0.08483809523809531,0.0
6,R20,altissimo,60,0.0,0.08483809523809531,0.0
6,R20,altissimo,61,0.0,0.08483809523809531,0.0
6,R20,altissimo,62,0.0,0.08483809523809531,0.0
6,R20,altissimo,63,0.0,0.08483809523809531,0.0
6,R20,altissimo,64,0.0,0.08483809523809531,0.0
6,R20,altissimo,65,0.0,0.08483809523809531,0.0
6,R20,altissimo,66,0.0,0.08483809523809531,0.0
6,R20,altissimo,67,0.0,0.08483809523809531,0.0
6,R20,altissimo,68,0.0,0.08483809523809531,0.0
6,R20,altissimo,69,0.0,0.08483809523809531,0.0
6,R20,altissimo,70,0.0,0.08483809523809531,0.0
6,R20,altissimo,71,0.0,0.08483809523809531,0.0
6,R20,altissimo,72,0.0,0.08483809523809531,0.0
6,R20,altissimo,73,0.0,0.08483809523809531,0.0
6,R20,altissimo,74,0.0,0.08483809523809531,0.0
6,R20,altissimo,75,0.0,0.08483809523809531,0.0
6,R20,altissimo,76,0.0,0.08483809523809531,0.0
6,R20,altissimo,77,0.0,0.08483809523809531,0.0
6,R20,altissimo,78,0.0,0.08483809523809531,0.0
6,R20,altissimo,79,0.0,0.08483809523809531,0.0
6,R20,altissimo,80,0.0,0.08483809523809531,0.0
6,R20,altissimo,81,0.1,0.08483809523809531,0.0
6,R20,altissimo,82,0.2,0.08483809523809531,0.0
6,R20,altissimo,83,0.3,0.08483809523809531,0.0
6,R20,altissimo,84,0.4,0.08483809523809531,0.0
6,R20,altissimo,85,0.5,0.08483809523809531,0.0
6,R20,altissimo,86,0.6,0.08483809523809531,0.0
6,R20,altissimo,87,0.7,0.08483809523809531,0.0
6,R20,altissimo,88,0.8,0.08483809523809531,0.0068596825396826005
6,R20,altissimo,89,0.9,0.08483809523809531,0.045848888888888946
6,R20,altissimo,90,1.0,0.08483809523809531,0.08483809523809534
6,R20,altissimo,91,1.0,0.08483809523809531,0.08483809523809534
6,R20,altissimo,92,1.0,0.08483809523809531,0.08483809523809534
6,R20,altissimo,93,1.0,0.08483809523809531,0.08483809523809534
6,R20,altissimo,94,1.0,0.08483809523809531,0.08483809523809534
6,R20,altissimo,95,1.0,0.08483809523809531,0.08483809523809534
6,R20,altissimo,96,1.0,0.08483809523809531,0.08483809523809534
6,R20,altissimo,97,1.0,0.08483809523809531,0.08483809523809534
6,R20,altissimo,98,1.0,0.08483809523809531,0.08483809523809534
6,R20,altissimo,99,1.0,0.08483809523809531,0.08483809523809534
6,R20,altissimo,100,1.0,0.08483809523809531,0.08483809523809534
7,R25,altissimo,0,0.0,0.0,0.0
7,R25,altissimo,1,0.0,0.0,0.0
7,R25,altissimo,2,0.0,0.0,0.0
7,R25,altissimo,3,0.0,0.0,0.0
7,R25,altissimo,4,0.0,0.0,0.0
7,R25,altissimo,5,0.0,0.0,0.0
7,R25,altissimo,6,0.0,0.0,0.0
7,R25,altissimo,7,0.0,0.0,0.0
7,R25,altissimo,8,0.0,0.0,0.0
7,R25,altissimo,9,0.0,0.0,0.0
7,R25,altissimo,10,0.0,0.0,0.0
7,R25,altissimo,11,0.0,0.0,0.0
7,R25,altissimo,12,0.0,0.0,0.0
7,R25,altissimo,13,0.0,0.0,0.0
7,R25,altissimo,14,0.0,0.0,0.0
7,R25,altissimo,15,0.0,0.0,0.0
7,R25,altissimo,16,0.0,0.0,0.0
7,R25,altissimo,17,0.0,0.0,0.0
7,R25,altissimo,18,0.0,0.0,0.0
7,R25,altissimo,19,0.0,0.0,0.0
7,R25,altissimo,20,0.0,0.0,0.0
7,R25,altissimo,21,0.0,0.0,0.0
7,R25,altissimo,22,0.0,0.0,0.0
7,R25,altissimo,23,0.0,0.0,0.0
7,R25,altissimo,24,0.0,0.0,0.0
7,R25,altissimo,25,0.0,0.0,0.0
7,R25,altissimo,26,0.0,0.0,0.0
7,R25,altissimo,27,0.0,0.0,0.0
7,R25,altissimo,28,0.0,0.0,0.0
7,R25,altissimo,29,0.0,0.0,0.0
7,R25,altissimo,30,0.0,0.0,0.0
7,R25,altissimo,31,0.0,0.0,0.0
7,R25,altissimo,32,0.0,0.0,0.0
7,R25,altissimo,33,0.0,0.0,0.0
7,R25,altissimo,34,0.0,0.0,0.0
7,R25,altissimo,35,0.0,0.0,0.0
7,R25,altissimo,36,0.0,0.0,0.0
7,R25,altissimo,37,0.0,0.0,0.0
7,R25,altissimo,38,0.0,0.0,0.0
7,R25,altissimo,39,0.0,0.0,0.0
7,R25,altissimo,40,0.0,0.0,0.0
7,R25,altissimo,41,0.0,0.0,0.0
7,R25,altissimo,42,0.0,0.0,0.0
7,R25,altissimo,43,0.0,0.0,0.0
7,R25,altissimo,44,0.0,0.0,0.0
7,R25,altissimo,45,0.0,0.0,0.0
7,R25,altissimo,46,0.0,0.0,0.0
7,R25,altissimo,47,0.0,0.0,0.0
7,R25,altissimo,48,0.0,0.0,0.0
7,R25,altissimo,49,0.0,0.0,0.0
7,R25,altissimo,50,0.0,0.0,0.0
7,R25,altissimo,51,0.0,0.0,0.0
7,R25,altissimo,52,0.0,0.0,0.0
7,R25,altissimo,53,0.0,0.0,0.0
7,R25,altissimo,54,0.0,0.0,0.0
7,R25,altissimo,55,0.0,0.0,0.0
7,R25,altissimo,56,0.0,0.0,0.0
7,R25,altissimo,57,0.0,0.0,0.0
7,R25,altissimo,58,0.0,0.0,0.0
7,R25,altissimo,59,0.0,0.0,0.0
7,R25,altissimo,60,0.0,0.0,0.0
7,R25,altissimo,61,0.0,0.0,0.0
7,R25,altissimo,62,0.0,0.0,0.0
7,R25,altissimo,63,0.0,0.0,0.0
7,R25,altissimo,64,0.0,0.0,0.0
7,R25,altissimo,65,0.0,0.0,0.0
7,R25,altissimo,66,0.0,0.0,0.0
7,R25,altissimo,67,0.0,0.0,0.0
7,R25,altissimo,68,0.0,0.0,0.0
7,R25,altissimo,69,0.0,0.0,0.0
7,R25,altissimo,70,0.0,0.0,0.0
7,R25,altissimo,71,0.0,0.0,0.0
7,R25,altissimo,72,0.0,0.0,0.0
7,R25,altissimo,73,0.0,0.0,0.0
7,R25,altissimo,74,0.0,0.0,0.0
7,R25,altissimo,75,0.0,0.0,0.0
7,R25,altissimo,76,0.0,0.0,0.0
7,R25,altissimo,77,0.0,0.0,0.0
7,R25,altissimo,78,0.0,0.0,0.0
7,R25,altissimo,79,0.0,0.0,0.0
7,R25,altissimo,80,0.0,0.0,0.0
7,R25,altissimo,81,0.1,0.0,0.0
7,R25,altissimo,82,0.2,0.0,0.0
7,R25,altissimo,83,0.3,0.0,0.0
7,R25,altissimo,84,0.4,0.0,0.0
7,R25,altissimo,85,0.5,0.0,0.0
7,R25,altissimo,86,0.6,0.0,0.0
7,R25,altissimo,87,0.7,0.0,0.0
7,R25,altissimo,88,0.8,0.0,0.0
7,R25,altissimo,89,0.9,0.0,0.0
7,R25,altissimo,90,1.0,0.0,0.0
7,R25,altissimo,91,1.0,0.0,0.0
7,R25,altissimo,92,1.0,0.0,0.0
7,R25,altissimo,93,1.0,0.0,0.0
7,R25,altissimo,94,1.0,0.0,0.0
7,R25,altissimo,95,1.0,0.0,0.0
7,R25,altissimo,96,1.0,0.0,0.0
7,R25,altissimo,97,1.0,0.0,0.0
7,R25,altissimo,98,1.0,0.0,0.0
7,R25,altissimo,99,1.0,0.0,0.0
7,R25,altissimo,100,1.0,0.0,0.0
8,R25,altissimo,0,0.0,0.5616666666666666,0.0
8,R25,altissimo,1,0.0,0.5616666666666666,0.0
8,R25,altissimo,2,0.0,0.5616666666666666,0.0
8,R25,altissimo,3,0.0,0.5616666666666666,0.0
8,R25,altissimo,4,0.0,0.5616666666666666,0.0
8,R25,altissimo,5,0.0,0.5616666666666666,0.0
8,R25,altissimo,6,0.0,0.5616666666666666,0.0
8,R25,altissimo,7,0.0,0.5616666666666666,0.0
8,R25,altissimo,8,0.0,0.5616666666666666,0.0
8,R25,altissimo,9,0.0,0.5616666666666666,0.0
8,R25,altissimo,10,0.0,0.5616666666666666,0.0
8,R25,altissimo,11,0.0,0.5616666666666666,0.0
8,R25,altissimo,12,0.0,0.5616666666666666,0.0
8,R25,altissimo,13,0.0,0.5616666666666666,0.0
8,R25,altissimo,14,0.0,0.5616666666666666,0.0
8,R25,altissimo,15,0.0,0.5616666666666666,0.0
8,R25,altissimo,16,0.0,0.5616666666666666,0.0
8,R25,altissimo,17,0.0,0.5616666666666666,0.0
8,R25,altissimo,18,0.0,0.5616666666666666,0.0
8,R25,altissimo,19,0.0,0.5616666666666666,0.0
8,R25,altissimo,20,0.0,0.5616666666666666,0.0
8,R25,altissimo,21,0.0,0.5616666666666666,0.0
8,R25,altissimo,22,0.0,0.5616666666666666,0.0
8,R25,altissimo,23,0.0,0.5616666666666666,0.0
8,R25,altissimo,24,0.0,0.5616666666666666,0.0
8,R25,altissimo,25,0.0,0.5616666666666666,0.0
8,R25,altissimo,26,0.0,0.5616666666666666,0.0
8,R25,altissimo,27,0.0,0.5616666666666666,0.0
8,R25,altissimo,28,0.0,0.5616666666666666,0.0
8,R25,altissimo,29,0.0,0.5616666666666666,0.0
8,R25,altissimo,30,0.0,0.5616666666666666,0.0
8,R25,altissimo,31,0.0,0.5616666666666666,0.0
8,R25,altissimo,32,0.0,0.5616666666666666,0.0
8,R25,altissimo,33,0.0,0.5616666666666666,0.0
8,R25,altissimo,34,0.0,0.5616666666666666,0.0
8,R25,altissimo,35,0.0,0.5616666666666666,0.0
8,R25,altissimo,36,0.0,0.5616666666666666,0.0
8,R25,altissimo,37,0.0,0.5616666666666666,0.0
8,R25,altissimo,38,0.0,0.5616666666666666,0.0
8,R25,altissimo,39,0.0,0.5616666666666666,0.0
8,R25,altissimo,40,0.0,0.5616666666666666,0.0
8,R25,altissimo,41,0.0,0.5616666666666666,0.0
8,R25,altissimo,42,0.0,0.5616666666666666,0.0
8,R25,altissimo,43,0.0,0.5616666666666666,0.0
8,R25,altissimo,44,0.0,0.5616666666666666,0.0
8,R25,altissimo,45,0.0,0.5616666666666666,0.0
8,R25,altissimo,46,0.0,0.5616666666666666,0.0
8,R25,altissimo,47,0.0,0.5616666666666666,0.0
8,R25,altissimo,48,0.0,0.5616666666666666,0.0
8,R25,altissimo,49,0.0,0.5616666666666666,0.0
8,R25,altissimo,50,0.0,0.5616666666666666,0.0
8,R25,altissimo,51,0.0,0.5616666666666666,0.0
8,R25,altissimo,52,0.0,0.5616666666666666,0.0
8,R25,altissimo,53,0.0,0.5616666666666666,0.0
8,R25,altissimo,54,0.0,0.5616666666666666,0.0
8,R25,altissimo,55,0.0,0.5616666666666666,0.0
8,R25,altissimo,56,0.0,0.5616666666666666,0.0
8,R25,altissimo,57,0.0,0.5616666666666666,0.0
8,R25,altissimo,58,0.0,0.5616666666666666,0.0
8,R25,altissimo,59,0.0,0.5616666666666666,0.0
8,R25,altissimo,60,0.0,0.5616666666666666,0.0
8,R25,altissimo,61,0.0,0.5616666666666666,0.0
8,R25,altissimo,62,0.0,0.5616666666666666,0.0
8,R25,altissimo,63,0.0,0.5616666666666666,0.0
8,R25,altissimo,64,0.0,0.5616666666666666,0.0
8,R25,altissimo,65,0.0,0.5616666666666666,0.0
8,R25,altissimo,66,0.0,0.5616666666666666,0.0
8,R25,altissimo,67,0.0,0.5616666666666666,0.0
8,R25,altissimo,68,0.0,0.5616666666666666,0.0
8,R25,altissimo,69,0.0,0.5616666666666666,0.0
8,R25,altissimo,70,0.0,0.5616666666666666,0.0
8,R25,altissimo,71,0.0,0.5616666666666666,0.0
8,R25,altissimo,72,0.0,0.5616666666666666,0.0
8,R25,altissimo,73,0.0,0.5616666666666666,0.0
8,R25,altissimo,74,0.0,0.5616666666666666,0.0
8,R25,altissimo,75,0.0,0.5616666666666666,0.0
8,R25,altissimo,76,0.0,0.5616666666666666,0.0
8,R25,altissimo,77,0.0,0.5616666666666666,0.0
8,R25,altissimo,78,0.0,0.5616666666666666,0.0
8,R25,altissimo,79,0.0,0.5616666666666666,0.0
8,R25,altissimo,80,0.0,0.5616666666666666,0.0
8,R25,altissimo,81,0.1,0.5616666666666666,0.0
8,R25,altissimo,82,0.2,0.5616666666666666,0.0
8,R25,altissimo,83,0.3,0.5616666666666666,0.06622222222222218
8,R25,altissimo,84,0.4,0.5616666666666666,0.137
8,R25,altissimo,85,0.5,0.5616666666666666,0.20777777777777773
8,R25,altissimo,86,0.6,0.5616666666666666,0.2785555555555555
8,R25,altissimo,87,0.7,0.5616666666666666,0.34933333333333333
8,R25,altissimo,88,0.8,0.5616666666666666,0.42011111111111116
8,R25,altissimo,89,0.9,0.5616666666666666,0.4908888888888889
8,R25,altissimo,90,1.0,0.5616666666666666,0.5616666666666666
8,R25,altissimo,91,1.0,0.5616666666666666,0.5616666666666666
8,R25,altissimo,92,1.0,0.5616666666666666,0.5616666666666666
8,R25,altissimo,93,1.0,0.5616666666666666,0.5616666666666666
8,R25,altissimo,94,1.0,0.5616666666666666,0.5616666666666666
8,R25,altissimo,95,1.0,0.5616666666666666,0.5616666666666666
8,R25,altissimo,96,1.0,0.5616666666666666,0.5616666666666666
8,R25,altissimo,97,1.0,0.5616666666666666,0.5616666666666666
8,R25,altissimo,98,1.0,0.5616666666666666,0.5616666666666666
8,R25,altissimo,99,1.0,0.5616666666666666,0.5616666666666666
8,R25,altissimo,100,1.0,0.5616666666666666,0.5616666666666666
9,R12,moderado,0,0.0,0.0,0.0
9,R12,moderado,1,0.0,0.0,0.0
9,R12,moderado,2,0.0,0.0,0.0
9,R12,moderado,3,0.0,0.0,0.0
9,R12,moderado,4,0.0,0.0,0.0
9,R12,moderado,5,0.0,0.0,0.0
9,R12,moderado,6,0.0,0.0,0.0
9,R12,moderado,7,0.0,0.0,0.0
9,R12,moderado,8,0.0,0.0,0.0
9,R12,moderado,9,0.0,0.0,0.0
9,R12,moderado,10,0.0,0.0,0.0
9,R12,moderado,11,0.0,0.0,0.0
9,R12,moderado,12,0.0,0.0,0.0
9,R12,moderado,13,0.0,0.0,0.0
9,R12,moderado,14,0.0,0.0,0.0
9,R12,moderado,15,0.0,0.0,0.0
9,R12,moderado,16,0.0,0.0,0.0
9,R12,moderado,17,0.0,0.0,0.0
9,R12,moderado,18,0.0,0.0,0.0
9,R12,moderado,19,0.0,0.0,0.0
9,R12,moderado,20,0.0,0.0,0.0
9,R12,moderado,21,0.0,0.0,0.0
9,R12,moderado,22,0.0,0.0,0.0
9,R12,moderado,23,0.0,0.0,0.0
9,R12,moderado,24,0.0,0.0,0.0
9,R12,moderado,25,0.0,0.0,0.0
9,R12,moderado,26,0.0,0.0,0.0
9,R12,moderado,27,0.0,0.0,0.0
9,R12,moderado,28,0.0,0.0,0.0
9,R12,moderado,29,0.0,0.0,0.0
9,R12,moderado,30,0.0,0.0,0.0
9,R12,moderado,31,0.0,0.0,0.0
9,R12,moderado,32,0.0,0.0,0.0
9,R12,moderado,33,0.0,0.0,0.0
9,R12,moderado,34,0.0,0.0,0.0
9,R12,moderado,35,0.0,0.0,0.0
9,R12,moderado,36,0.0,0.0,0.0
9,R12,moderado,37,0.0,0.0,0.0
9,R12,moderado,38,0.0,0.0,0.0
9,R12,moderado,39,0.0,0.0,0.0
9,R12,moderado,40,0.0,0.0,0.0
9,R12,moderado,41,0.08,0.0,0.0
9,R12,moderado,42,0.16,0.0,0.0
9,R12,moderado,43,0.24,0.0,0.0
9,R12,moderado,44,0.32,0.0,0.0
9,R12,moderado,45,0.4,0.0,0.0
9,R12,moderado,46,0.48,0.0,0.0
9,R12,moderado,47,0.56,0.0,0.0
9,R12,moderado,48,0.64,0.0,0.0
9,R12,moderado,49,0.72,0.0,0.0
9,R12,moderado,50,0.8,0.0,0.0
9,R12,moderado,51,0.88,0.0,0.0
9,R12,moderado,52,0.96,0.0,0.0
9,R12,moderado,53,0.96,0.0,0.0
9,R12,moderado,54,0.88,0.0,0.0
9,R12,moderado,55,0.8,0.0,0.0
9,R12,moderado,56,0.72,0.0,0.0
9,R12,moderado,57,0.64,0.0,0.0
9,R12,moderado,58,0.56,0.0,0.0
9,R12,moderado,59,0.48,0.0,0.0
9,R12,moderado,60,0.4,0.0,0.0
9,R12,moderado,61,0.32,0.0,0.0
9,R12,moderado,62,0.24,0.0,0.0
9,R12,moderado,63,0.16,0.0,0.0
9,R12,moderado,64,0.08,0.0,0.0
9,R12,moderado,65,0.0,0.0,0.0
9,R12,moderado,66,0.0,0.0,0.0
9,R12,moderado,67,0.0,0.0,0.0
9,R12,moderado,68,0.0,0.0,0.0
9,R12,moderado,69,0.0,0.0,0.0
9,R12,moderado,70,0.0,0.0,0.0
9,R12,moderado,71,0.0,0.0,0.0
9,R12,moderado,72,0.0,0.0,0.0
9,R12,moderado,73,0.0,0.0,0.0
9,R12,moderado,74,0.0,0.0,0.0
9,R12,moderado,75,0.0,0.0,0.0
9,R12,moderado,76,0.0,0.0,0.0
9,R12,moderado,77,0.0,0.0,0.0
9,R12,moderado,78,0.0,0.0,0.0
9,R12,moderado,79,0.0,0.0,0.0
9,R12,moderado,80,0.0,0.0,0.0
9,R12,moderado,81,0.0,0.0,0.0
9,R12,moderado,82,0.0,0.0,0.0
9,R12,moderado,83,0.0,0.0,0.0
9,R12,moderado,84,0.0,0.0,0.0
9,R12,moderado,85,0.0,0.0,0.0
9,R12,moderado,86,0.0,0.0,0.0
9,R12,moderado,87,0.0,0.0,0.0
9,R12,moderado,88,0.0,0.0,0.0
9,R12,moderado,89,0.0,0.0,0.0
9,R12,moderado,90,0.0,0.0,0.0
9,R12,moderado,91,0.0,0.0,0.0
9,R12,moderado,92,0.0,0.0,0.0
9,R12,moderado,93,0.0,0.0,0.0
9,R12,moderado,94,0.0,0.0,0.0
9,R12,moderado,95,0.0,0.0,0.0
9,R12,moderado,96,0.0,0.0,0.0
9,R12,moderado,97,0.0,0.0,0.0
9,R12,moderado,98,0.0,0.0,0.0
9,R12,moderado,99,0.0,0.0,0.0
9,R12,moderado,100,0.0,0.0,0.0
9,R13,alto,0,0.0,0.0,0.0
9,R13,alto,1,0.0,0.0,0.0
9,R13,alto,2,0.0,0.0,0.0
9,R13,alto,3,0.0,0.0,0.0
9,R13,alto,4,0.0,0.0,0.0
9,R13,alto,5,0.0,0.0,0.0
9,R13,alto,6,0.0,0.0,0.0
9,R13,alto,7,0.0,0.0,0.0
9,R13,alto,8,0.0,0.0,0.0
9,R13,alto,9,0.0,0.0,0.0
9,R13,alto,10,0.0,0.0,0.0
9,R13,alto,11,0.0,0.0,0.0
9,R13,alto,12,0.0,0.0,0.0
9,R13,alto,13,0.0,0.0,0.0
9,R13,alto,14,0.0,0.0,0.0
9,R13,alto,15,0.0,0.0,0.0
9,R13,alto,16,0.0,0.0,0.0
9,R13,alto,17,0.0,0.0,0.0
9,R13,alto,18,0.0,0.0,0.0
9,R13,alto,19,0.0,0.0,0.0
9,R13,alto,20,0.0,0.0,0.0
9,R13,alto,21,0.0,0.0,0.0
9,R13,alto,22,0.0,0.0,0.0
9,R13,alto,23,0.0,0.0,0.0
9,R13,alto,24,0.0,0.0,0.0
9,R13,alto,25,0.0,0.0,0.0
9,R13,alto,26,0.0,0.0,0.0
9,R13,alto,27,0.0,0.0,0.0
9,R13,alto,28,0.0,0.0,0.0
9,R13,alto,29,0.0,0.0,0.0
9,R13,alto,30,0.0,0.0,0.0
9,R13,alto,31,0.0,0.0,0.0
9,R13,alto,32,0.0,0.0,0.0
9,R13,alto,33,0.0,0.0,0.0
9,R13,alto,34,0.0,0.0,0.0
9,R13,alto,35,0.0,0.0,0.0
9,R13,alto,36,0.0,0.0,0.0
9,R13,alto,37,0.0,0.0,0.0
9,R13,alto,38,0.0,0.0,0.0
9,R13,alto,39,0.0,0.0,0.0
9,R13,alto,40,0.0,0.0,0.0
9,R13,alto,41,0.0,0.0,0.0
9,R13,alto,42,0.0,0.0,0.0
9,R13,alto,43,0.0,0.0,0.0
9,R13,alto,44,0.0,0.0,0.0
9,R13,alto,45,0.0,0.0,0.0
9,R13,alto,46,0.0,0.0,0.0
9,R13,alto,47,0.0,0.0,0.0
9,R13,alto,48,0.0,0.0,0.0
9,R13,alto,49,0.0,0.0,0.0
9,R13,alto,50,0.0,0.0,0.0
9,R13,alto,51,0.0,0.0,0.0
9,R13,alto,52,0.0,0.0,0.0
9,R13,alto,53,0.0,0.0,0.0
9,R13,alto,54,0.0,0.0,0.0
9,R13,alto,55,0.0,0.0,0.0
9,R13,alto,56,0.0,0.0,0.0
9,R13,alto,57,0.0,0.0,0.0
9,R13,alto,58,0.0,0.0,0.0
9,R13,alto,59,0.0,0.0,0.0
9,R13,alto,60,0.0,0.0,0.0
9,R13,alto,61,0.08,0.0,0.0
9,R13,alto,62,0.16,0.0,0.0
9,R13,alto,63,0.24,0.0,0.0
9,R13,alto,64,0.32,0.0,0.0
9,R13,alto,65,0.4,0.0,0.0
9,R13,alto,66,0.48,0.0,0.0
9,R13,alto,67,0.56,0.0,0.0
9,R13,alto,68,0.64,0.0,0.0
9,R13,alto,69,0.72,0.0,0.0
9,R13,alto,70,0.8,0.0,0.0
9,R13,alto,71,0.88,0.0,0.0
9,R13,alto,72,0.96,0.0,0.0
9,R13,alto,73,0.96,0.0,0.0
9,R13,alto,74,0.88,0.0,0.0
9,R13,alto,75,0.8,0.0,0.0
9,R13,alto,76,0.72,0.0,0.0
9,R13,alto,77,0.64,0.0,0.0
9,R13,alto,78,0.56,0.0,0.0
9,R13,alto,79,0.48,0.0,0.0
9,R13,alto,80,0.4,0.0,0.0
9,R13,alto,81,0.32,0.0,0.0
9,R13,alto,82,0.24,0.0,0.0
9,R13,alto,83,0.16,0.0,0.0
9,R13,alto,84,0.08,0.0,0.0
9,R13,alto,85,0.0,0.0,0.0
9,R13,alto,86,0.0,0.0,0.0
9,R13,alto,87,0.0,0.0,0.0
9,R13,alto,88,0.0,0.0,0.0
9,R13,alto,89,0.0,0.0,0.0
9,R13,alto,90,0.0,0.0,0.0
9,R13,alto,91,0.0,0.0,0.0
9,R13,alto,92,0.0,0.0,0.0
9,R13,alto,93,0.0,0.0,0.0
9,R13,alto,94,0.0,0.0,0.0
9,R13,alto,95,0.0,0.0,0.0
9,R13,alto,96,0.0,0.0,0.0
9,R13,alto,97,0.0,0.0,0.0
9,R13,alto,98,0.0,0.0,0.0
9,R13,alto,99,0.0,0.0,0.0
9,R13,alto,100,0.0,0.0,0.0
9,R8,moderado,0,0.0,0.0,0.0
9,R8,moderado,1,0.0,0.0,0.0
9,R8,moderado,2,0.0,0.0,0.0
9,R8,moderado,3,0.0,0.0,0.0
9,R8,moderado,4,0.0,0.0,0.0
9,R8,moderado,5,0.0,0.0,0.0
9,R8,moderado,6,0.0,0.0,0.0
9,R8,moderado,7,0.0,0.0,0.0
9,R8,moderado,8,0.0,0.0,0.0
9,R8,moderado,9,0.0,0.0,0.0
9,R8,moderado,10,0.0,0.0,0.0
9,R8,moderado,11,0.0,0.0,0.0
9,R8,moderado,12,0.0,0.0,0.0
9,R8,moderado,13,0.0,0.0,0.0
9,R8,moderado,14,0.0,0.0,0.0
9,R8,moderado,15,0.0,0.0,0.0
9,R8,moderado,16,0.0,0.0,0.0
9,R8,moderado,17,0.0,0.0,0.0
9,R8,moderado,18,0.0,0.0,0.0
9,R8,moderado,19,0.0,0.0,0.0
9,R8,moderado,20,0.0,0.0,0.0
9,R8,moderado,21,0.0,0.0,0.0
9,R8,moderado,22,0.0,0.0,0.0
9,R8,moderado,23,0.0,0.0,0.0
9,R8,moderado,24,0.0,0.0,0.0
9,R8,moderado,25,0.0,0.0,0.0
9,R8,moderado,26,0.0,0.0,0.0
9,R8,moderado,27,0.0,0.0,0.0
9,R8,moderado,28,0.0,0.0,0.0
9,R8,moderado,29,0.0,0.0,0.0
9,R8,moderado,30,0.0,0.0,0.0
9,R8,moderado,31,0.0,0.0,0.0
9,R8,moderado,32,0.0,0.0,0.0
9,R8,moderado,33,0.0,0.0,0.0
9,R8,moderado,34,0.0,0.0,0.0
9,R8,moderado,35,0.0,0.0,0.0
9,R8,moderado,36,0.0,0.0,0.0
9,R8,moderado,37,0.0,0.0,0.0
9,R8,moderado,38,0.0,0.0,0.0
9,R8,moderado,39,0.0,0.0,0.0
9,R8,moderado,40,0.0,0.0,0.0
9,R8,moderado,41,0.08,0.0,0.0
9,R8,moderado,42,0.16,0.0,0.0
9,R8,moderado,43,0.24,0.0,0.0
9,R8,moderado,44,0.32,0.0,0.0
9,R8,moderado,45,0.4,0.0,0.0
9,R8,moderado,46,0.48,0.0,0.0
9,R8,moderado,47,0.56,0.0,0.0
9,R8,moderado,48,0.64,0.0,0.0
9,R8,moderado,49,0.72,0.0,0.0
9,R8,moderado,50,0.8,0.0,0.0
9,R8,moderado,51,0.88,0.0,0.0
9,R8,moderado,52,0.96,0.0,0.0
9,R8,moderado,53,0.96,0.0,0.0
9,R8,moderado,54,0.88,0.0,0.0
9,R8,moderado,55,0.8,0.0,0.0
9,R8,moderado,56,0.72,0.0,0.0
9,R8,moderado,57,0.64,0.0,0.0
9,R8,moderado,58,0.56,0.0,0.0
9,R8,moderado,59,0.48,0.0,0.0
9,R8,moderado,60,0.4,0.0,0.0
9,R8,moderado,61,0.32,0.0,0.0
9,R8,moderado,62,0.24,0.0,0.0
9,R8,moderado,63,0.16,0.0,0.0
9,R8,moderado,64,0.08,0.0,0.0
9,R8,moderado,65,0.0,0.0,0.0
9,R8,moderado,66,0.0,0.0,0.0
9,R8,moderado,67,0.0,0.0,0.0
9,R8,moderado,68,0.0,0.0,0.0
9,R8,moderado,69,0.0,0.0,0.0
9,R8,moderado,70,0.0,0.0,0.0
9,R8,moderado,71,0.0,0.0,0.0
9,R8,moderado,72,0.0,0.0,0.0
9,R8,moderado,73,0.0,0.0,0.0
9,R8,moderado,74,0.0,0.0,0.0
9,R8,moderado,75,0.0,0.0,0.0
9,R8,moderado,76,0.0,0.0,0.0
9,R8,moderado,77,0.0,0.0,0.0
9,R8,moderado,78,0.0,0.0,0.0
9,R8,moderado,79,0.0,0.0,0.0
9,R8,moderado,80,0.0,0.0,0.0
9,R8,moderado,81,0.0,0.0,0.0
9,R8,moderado,82,0.0,0.0,0.0
9,R8,moderado,83,0.0,0.0,0.0
9,R8,moderado,84,0.0,0.0,0.0
9,R8,moderado,85,0.0,0.0,0.0
9,R8,moderado,86,0.0,0.0,0.0
9,R8,moderado,87,0.0,0.0,0.0
9,R8,moderado,88,0.0,0.0,0.0
9,R8,moderado,89,0.0,0.0,0.0
9,R8,moderado,90,0.0,0.0,0.0
9,R8,moderado,91,0.0,0.0,0.0
9,R8,moderado,92,0.0,0.0,0.0
9,R8,moderado,93,0.0,0.0,0.0
9,R8,moderado,94,0.0,0.0,0.0
9,R8,moderado,95,0.0,0.0,0.0
9,R8,moderado,96,0.0,0.0,0.0
9,R8,moderado,97,0.0,0.0,0.0
9,R8,moderado,98,0.0,0.0,0.0
9,R8,moderado,99,0.0,0.0,0.0
9,R8,moderado,100,0.0,0.0,0.0
10,R13,alto,0,0.0,0.0,0.0
10,R13,alto,1,0.0,0.0,0.0
10,R13,alto,2,0.0,0.0,0.0
10,R13,alto,3,0.0,0.0,0.0
10,R13,alto,4,0.0,0.0,0.0
10,R13,alto,5,0.0,0.0,0.0
10,R13,alto,6,0.0,0.0,0.0
10,R13,alto,7,0.0,0.0,0.0
10,R13,alto,8,0.0,0.0,0.0
10,R13,alto,9,0.0,0.0,0.0
10,R13,alto,10,0.0,0.0,0.0
10,R13,alto,11,0.0,0.0,0.0
10,R13,alto,12,0.0,0.0,0.0
10,R13,alto,13,0.0,0.0,0.0
10,R13,alto,14,0.0,0.0,0.0
10,R13,alto,15,0.0,0.0,0.0
10,R13,alto,16,0.0,0.0,0.0
10,R13,alto,17,0.0,0.0,0.0
10,R13,alto,18,0.0,0.0,0.0
10,R13,alto,19,0.0,0.0,0.0
10,R13,alto,20,0.0,0.0,0.0
10,R13,alto,21,0.0,0.0,0.0
10,R13,alto,22,0.0,0.0,0.0
10,R13,alto,23,0.0,0.0,0.0
10,R13,alto,24,0.0,0.0,0.0
10,R13,alto,25,0.0,0.0,0.0
10,R13,alto,26,0.0,0.0,0.0
10,R13,alto,27,0.0,0.0,0.0
10,R13,alto,28,0.0,0.0,0.0
10,R13,alto,29,0.0,0.0,0.0
10,R13,alto,30,0.0,0.0,0.0
10,R13,alto,31,0.0,0.0,0.0
10,R13,alto,32,0.0,0.0,0.0
10,R13,alto,33,0.0,0.0,0.0
10,R13,alto,34,0.0,0.0,0.0
10,R13,alto,35,0.0,0.0,0.0
10,R13,alto,36,0.0,0.0,0.0
10,R13,alto,37,0.0,0.0,0.0
10,R13,alto,38,0.0,0.0,0.0
10,R13,alto,39,0.0,0.0,0.0
10,R13,alto,40,0.0,0.0,0.0
10,R13,alto,41,0.0,0.0,0.0
10,R13,alto,42,0.0,0.0,0.0
10,R13,alto,43,0.0,0.0,0.0
10,R13,alto,44,0.0,0.0,0.0
10,R13,alto,45,0.0,0.0,0.0
10,R13,alto,46,0.0,0.0,0.0
10,R13,alto,47,0.0,0.0,0.0
10,R13,alto,48,0.0,0.0,0.0
10,R13,alto,49,0.0,0.0,0.0
10,R13,alto,50,0.0,0.0,0.0
10,R13,alto,51,0.0,0.0,0.0
10,R13,alto,52,0.0,0.0,0.0
10,R13,alto,53,0.0,0.0,0.0
10,R13,alto,54,0.0,0.0,0.0
10,R13,alto,55,0.0,0.0,0.0
10,R13,alto,56,0.0,0.0,0.0
10,R13,alto,57,0.0,0.0,0.0
10,R13,alto,58,0.0,0.0,0.0
10,R13,alto,59,0.0,0.0,0.0
10,R13,alto,60,0.0,0.0,0.0
10,R13,alto,61,0.08,0.0,0.0
10,R13,alto,62,0.16,0.0,0.0
10,R13,alto,63,0.24,0.0,0.0
10,R13,alto,64,0.32,0.0,0.0
10,R13,alto,65,0.4,0.0,0.0
10,R13,alto,66,0.48,0.0,0.0
10,R13,alto,67,0.56,0.0,0.0
10,R13,alto,68,0.64,0.0,0.0
10,R13,alto,69,0.72,0.0,0.0
10,R13,alto,70,0.8,0.0,0.0
10,R13,alto,71,0.88,0.0,0.0
10,R13,alto,72,0.96,0.0,0.0
10,R13,alto,73,0.96,0.0,0.0
10,R13,alto,74,0.88,0.0,0.0
10,R13,alto,75,0.8,0.0,0.0
10,R13,alto,76,0.72,0.0,0.0
10,R13,alto,77,0.64,0.0,0.0
10,R13,alto,78,0.56,0.0,0.0
10,R13,alto,79,0.48,0.0,0.0
10,R13,alto,80,0.4,0.0,0.0
10,R13,alto,81,0.32,0.0,0.0
10,R13,alto,82,0.24,0.0,0.0
10,R13,alto,83,0.16,0.0,0.0
10,R13,alto,84,0.08,0.0,0.0
10,R13,alto,85,0.0,0.0,0.0
10,R13,alto,86,0.0,0.0,0.0
10,R13,alto,87,0.0,0.0,0.0
10,R13,alto,88,0.0,0.0,0.0
10,R13,alto,89,0.0,0.0,0.0
10,R13,alto,90,0.0,0.0,0.0
10,R13,alto,91,0.0,0.0,0.0
10,R13,alto,92,0.0,0.0,0.0
10,R13,alto,93,0.0,0.0,0.0
10,R13,alto,94,0.0,0.0,0.0
10,R13,alto,95,0.0,0.0,0.0
10,R13,alto,96,0.0,0.0,0.0
10,R13,alto,97,0.0,0.0,0.0
10,R13,alto,98,0.0,0.0,0.0
10,R13,alto,99,0.0,0.0,0.0
10,R13,alto,100,0.0,0.0,0.0
10,R14,alto,0,0.0,0.0,0.0
10,R14,alto,1,0.0,0.0,0.0
10,R14,alto,2,0.0,0.0,0.0
10,R14,alto,3,0.0,0.0,0.0
10,R14,alto,4,0.0,0.0,0.0
10,R14,alto,5,0.0,0.0,0.0
10,R14,alto,6,0.0,0.0,0.0
10,R14,alto,7,0.0,0.0,0.0
10,R14,alto,8,0.0,0.0,0.0
10,R14,alto,9,0.0,0.0,0.0
10,R14,alto,10,0.0,0.0,0.0
10,R14,alto,11,0.0,0.0,0.0
10,R14,alto,12,0.0,0.0,0.0
10,R14,alto,13,0.0,0.0,0.0
10,R14,alto,14,0.0,0.0,0.0
10,R14,alto,15,0.0,0.0,0.0
10,R14,alto,16,0.0,0.0,0.0
10,R14,alto,17,0.0,0.0,0.0
10,R14,alto,18,0.0,0.0,0.0
10,R14,alto,19,0.0,0.0,0.0
10,R14,alto,20,0.0,0.0,0.0
10,R14,alto,21,0.0,0.0,0.0
10,R14,alto,22,0.0,0.0,0.0
10,R14,alto,23,0.0,0.0,0.0
10,R14,alto,24,0.0,0.0,0.0
10,R14,alto,25,0.0,0.0,0.0
10,R14,alto,26,0.0,0.0,0.0
10,R14,alto,27,0.0,0.0,0.0
10,R14,alto,28,0.0,0.0,0.0
10,R14,alto,29,0.0,0.0,0.0
10,R14,alto,30,0.0,0.0,0.0
10,R14,alto,31,0.0,0.0,0.0
10,R14,alto,32,0.0,0.0,0.0
10,R14,alto,33,0.0,0.0,0.0
10,R14,alto,34,0.0,0.0,0.0
10,R14,alto,35,0.0,0.0,0.0
10,R14,alto,36,0.0,0.0,0.0
10,R14,alto,37,0.0,0.0,0.0
10,R14,alto,38,0.0,0.0,0.0
10,R14,alto,39,0.0,0.0,0.0
10,R14,alto,40,0.0,0.0,0.0
10,R14,alto,41,0.0,0.0,0.0
10,R14,alto,42,0.0,0.0,0.0
10,R14,alto,43,0.0,0.0,0.0
10,R14,alto,44,0.0,0.0,0.0
10,R14,alto,45,0.0,0.0,0.0
10,R14,alto,46,0.0,0.0,0.0
10,R14,alto,47,0.0,0.0,0.0
10,R14,alto,48,0.0,0.0,0.0
10,R14,alto,49,0.0,0.0,0.0
10,R14,alto,50,0.0,0.0,0.0
10,R14,alto,51,0.0,0.0,0.0
10,R14,alto,52,0.0,0.0,0.0
10,R14,alto,53,0.0,0.0,0.0
10,R14,alto,54,0.0,0.0,0.0
10,R14,alto,55,0.0,0.0,0.0
10,R14,alto,56,0.0,0.0,0.0
10,R14,alto,57,0.0,0.0,0.0
10,R14,alto,58,0.0,0.0,0.0
10,R14,alto,59,0.0,0.0,0.0
10,R14,alto,60,0.0,0.0,0.0
10,R14,alto,61,0.08,0.0,0.0
10,R14,alto,62,0.16,0.0,0.0
10,R14,alto,63,0.24,0.0,0.0
10,R14,alto,64,0.32,0.0,0.0
10,R14,alto,65,0.4,0.0,0.0
10,R14,alto,66,0.48,0.0,0.0
10,R14,alto,67,0.56,0.0,0.0
10,R14,alto,68,0.64,0.0,0.0
10,R14,alto,69,0.72,0.0,0.0
10,R14,alto,70,0.8,0.0,0.0
10,R14,alto,71,0.88,0.0,0.0
10,R14,alto,72,0.96,0.0,0.0
10,R14,alto,73,0.96,0.0,0.0
10,R14,alto,74,0.88,0.0,0.0
10,R14,alto,75,0.8,0.0,0.0
10,R14,alto,76,0.72,0.0,0.0
10,R14,alto,77,0.64,0.0,0.0
10,R14,alto,78,0.56,0.0,0.0
10,R14,alto,79,0.48,0.0,0.0
10,R14,alto,80,0.4,0.0,0.0
10,R14,alto,81,0.32,0.0,0.0
10,R14,alto,82,0.24,0.0,0.0
10,R14,alto,83,0.16,0.0,0.0
10,R14,alto,84,0.08,0.0,0.0
10,R14,alto,85,0.0,0.0,0.0
10,R14,alto,86,0.0,0.0,0.0
10,R14,alto,87,0.0,0.0,0.0
10,R14,alto,88,0.0,0.0,0.0
10,R14,alto,89,0.0,0.0,0.0
10,R14,alto,90,0.0,0.0,0.0
10,R14,alto,91,0.0,0.0,0.0
10,R14,alto,92,0.0,0.0,0.0
10,R14,alto,93,0.0,0.0,0.0
10,R14,alto,94,0.0,0.0,0.0
10,R14,alto,95,0.0,0.0,0.0
10,R14,alto,96,0.0,0.0,0.0
10,R14,alto,97,0.0,0.0,0.0
10,R14,alto,98,0.0,0.0,0.0
10,R14,alto,99,0.0,0.0,0.0
10,R14,alto,100,0.0,0.0,0.0
11,R19,altissimo,0,0.0,0.0,0.0
11,R19,altissimo,1,0.0,0.0,0.0
11,R19,altissimo,2,0.0,0.0,0.0
11,R19,altissimo,3,0.0,0.0,0.0
11,R19,altissimo,4,0.0,0.0,0.0
11,R19,altissimo,5,0.0,0.0,0.0
11,R19,altissimo,6,0.0,0.0,0.0
11,R19,altissimo,7,0.0,0.0,0.0
11,R19,altissimo,8,0.0,0.0,0.0
11,R19,altissimo,9,0.0,0.0,0.0
11,R19,altissimo,10,0.0,0.0,0.0
11,R19,altissimo,11,0.0,0.0,0.0
11,R19,altissimo,12,0.0,0.0,0.0
11,R19,altissimo,13,0.0,0.0,0.0
11,R19,altissimo,14,0.0,0.0,0.0
11,R19,altissimo,15,0.0,0.0,0.0
11,R19,altissimo,16,0.0,0.0,0.0
11,R19,altissimo,17,0.0,0.0,0.0
11,R19,altissimo,18,0.0,0.0,0.0
11,R19,altissimo,19,0.0,0.0,0.0
11,R19,altissimo,20,0.0,0.0,0.0
11,R19,altissimo,21,0.0,0.0,0.0
11,R19,altissimo,22,0.0,0.0,0.0
11,R19,altissimo,23,0.0,0.0,0.0
11,R19,altissimo,24,0.0,0.0,0.0
11,R19,altissimo,25,0.0,0.0,0.0
11,R19,altissimo,26,0.0,0.0,0.0
11,R19,altissimo,27,0.0,0.0,0.0
11,R19,altissimo,28,0.0,0.0,0.0
11,R19,altissimo,29,0.0,0.0,0.0
11,R19,altissimo,30,0.0,0.0,0.0
11,R19,altissimo,31,0.0,0.0,0.0
11,R19,altissimo,32,0.0,0.0,0.0
11,R19,altissimo,33,0.0,0.0,0.0
11,R19,altissimo,34,0.0,0.0,0.0
11,R19,altissimo,35,0.0,0.0,0.0
11,R19,altissimo,36,0.0,0.0,0.0
11,R19,altissimo,37,0.0,0.0,0.0
11,R19,altissimo,38,0.0,0.0,0.0
11,R19,altissimo,39,0.0,0.0,0.0
11,R19,altissimo,40,0.0,0.0,0.0
11,R19,altissimo,41,0.0,0.0,0.0
11,R19,altissimo,42,0.0,0.0,0.0
11,R19,altissimo,43,0.0,0.0,0.0
11,R19,altissimo,44,0.0,0.0,0.0
11,R19,altissimo,45,0.0,0.0,0.0
11,R19,altissimo,46,0.0,0.0,0.0
11,R19,altissimo,47,0.0,0.0,0.0
11,R19,altissimo,48,0.0,0.0,0.0
11,R19,altissimo,49,0.0,0.0,0.0
11,R19,altissimo,50,0.0,0.0,0.0
11,R19,altissimo,51,0.0,0.0,0.0
11,R19,altissimo,52,0.0,0.0,0.0
11,R19,altissimo,53,0.0,0.0,0.0
11,R19,altissimo,54,0.0,0.0,0.0
11,R19,altissimo,55,0.0,0.0,0.0
11,R19,altissimo,56,0.0,0.0,0.0
11,R19,altissimo,57,0.0,0.0,0.0
11,R19,altissimo,58,0.0,0.0,0.0
11,R19,altissimo,59,0.0,0.0,0.0
11,R19,altissimo,60,0.0,0.0,0.0
11,R19,altissimo,61,0.0,0.0,0.0
11,R19,altissimo,62,0.0,0.0,0.0
11,R19,altissimo,63,0.0,0.0,0.0
11,R19,altissimo,64,0.0,0.0,0.0
11,R19,altissimo,65,0.0,0.0,0.0
11,R19,altissimo,66,0.0,0.0,0.0
11,R19,altissimo,67,0.0,0.0,0.0
11,R19,altissimo,68,0.0,0.0,0.0
11,R19,altissimo,69,0.0,0.0,0.0
11,R19,altissimo,70,0.0,0.0,0.0
11,R19,altissimo,71,0.0,0.0,0.0
11,R19,altissimo,72,0.0,0.0,0.0
11,R19,altissimo,73,0.0,0.0,0.0
11,R19,altissimo,74,0.0,0.0,0.0
11,R19,altissimo,75,0.0,0.0,0.0
11,R19,altissimo,76,0.0,0.0,0.0
11,R19,altissimo,77,0.0,0.0,0.0
11,R19,altissimo,78,0.0,0.0,0.0
11,R19,altissimo,79,0.0,0.0,0.0
11,R19,altissimo,80,0.0,0.0,0.0
11,R19,altissimo,81,0.1,0.0,0.0
11,R19,altissimo,82,0.2,0.0,0.0
11,R19,altissimo,83,0.3,0.0,0.0
11,R19,altissimo,84,0.4,0.0,0.0
11,R19,altissimo,85,0.5,0.0,0.0
11,R19,altissimo,86,0.6,0.0,0.0
11,R19,altissimo,87,0.7,0.0,0.0
11,R19,altissimo,88,0.8,0.0,0.0
11,R19,altissimo,89,0.9,0.0,0.0
11,R19,altissimo,90,1.0,0.0,0.0
11,R19,altissimo,91,1.0,0.0,0.0
11,R19,altissimo,92,1.0,0.0,0.0
11,R19,altissimo,93,1.0,0.0,0.0
11,R19,altissimo,94,1.0,0.0,0.0
11,R19,altissimo,95,1.0,0.0,0.0
11,R19,altissimo,96,1.0,0.0,0.0
11,R19,altissimo,97,1.0,0.0,0.0
11,R19,altissimo,98,1.0,0.0,0.0
11,R19,altissimo,99,1.0,0.0,0.0
11,R19,altissimo,100,1.0,0.0,0.0
11,R20,altissimo,0,0.0,0.0,0.0
11,R20,altissimo,1,0.0,0.0,0.0
11,R20,altissimo,2,0.0,0.0,0.0
11,R20,altissimo,3,0.0,0.0,0.0
11,R20,altissimo,4,0.0,0.0,0.0
11,R20,altissimo,5,0.0,0.0,0.0
11,R20,altissimo,6,0.0,0.0,0.0
11,R20,altissimo,7,0.0,0.0,0.0
11,R20,altissimo,8,0.0,0.0,0.0
11,R20,altissimo,9,0.0,0.0,0.0
11,R20,altissimo,10,0.0,0.0,0.0
11,R20,altissimo,11,0.0,0.0,0.0
11,R20,altissimo,12,0.0,0.0,0.0
11,R20,altissimo,13,0.0,0.0,0.0
11,R20,altissimo,14,0.0,0.0,0.0
11,R20,altissimo,15,0.0,0.0,0.0
11,R20,altissimo,16,0.0,0.0,0.0
11,R20,altissimo,17,0.0,0.0,0.0
11,R20,altissimo,18,0.0,0.0,0.0
11,R20,altissimo,19,0.0,0.0,0.0
11,R20,altissimo,20,0.0,0.0,0.0
11,R20,altissimo,21,0.0,0.0,0.0
11,R20,altissimo,22,0.0,0.0,0.0
11,R20,altissimo,23,0.0,0.0,0.0
11,R20,altissimo,24,0.0,0.0,0.0
11,R20,altissimo,25,0.0,0.0,0.0
11,R20,altissimo,26,0.0,0.0,0.0
11,R20,altissimo,27,0.0,0.0,0.0
11,R20,altissimo,28,0.0,0.0,0.0
11,R20,altissimo,29,0.0,0.0,0.0
11,R20,altissimo,30,0.0,0.0,0.0
11,R20,altissimo,31,0.0,0.0,0.0
11,R20,altissimo,32,0.0,0.0,0.0
11,R20,altissimo,33,0.0,0.0,0.0
11,R20,altissimo,34,0.0,0.0,0.0
11,R20,altissimo,35,0.0,0.0,0.0
11,R20,altissimo,36,0.0,0.0,0.0
11,R20,altissimo,37,0.0,0.0,0.0
11,R20,altissimo,38,0.0,0.0,0.0
11,R20,altissimo,39,0.0,0.0,0.0
11,R20,altissimo,40,0.0,0.0,0.0
11,R20,altissimo,41,0.0,0.0,0.0
11,R20,altissimo,42,0.0,0.0,0.0
11,R20,altissimo,43,0.0,0.0,0.0
11,R20,altissimo,44,0.0,0.0,0.0
11,R20,altissimo,45,0.0,0.0,0.0
11,R20,altissimo,46,0.0,0.0,0.0
11,R20,altissimo,47,0.0,0.0,0.0
11,R20,altissimo,48,0.0,0.0,0.0
11,R20,altissimo,49,0.0,0.0,0.0
11,R20,altissimo,50,0.0,0.0,0.0
11,R20,altissimo,51,0.0,0.0,0.0
11,R20,altissimo,52,0.0,0.0,0.0
11,R20,altissimo,53,0.0,0.0,0.0
11,R20,altissimo,54,0.0,0.0,0.0
11,R20,altissimo,55,0.0,0.0,0.0
11,R20,altissimo,56,0.0,0.0,0.0
11,R20,altissimo,57,0.0,0.0,0.0
11,R20,altissimo,58,0.0,0.0,0.0
11,R20,altissimo,59,0.0,0.0,0.0
11,R20,altissimo,60,0.0,0.0,0.0
11,R20,altissimo,61,0.0,0.0,0.0
11,R20,altissimo,62,0.0,0.0,0.0
11,R20,altissimo,63,0.0,0.0,0.0
11,R20,altissimo,64,0.0,0.0,0.0
11,R20,altissimo,65,0.0,0.0,0.0
11,R20,altissimo,66,0.0,0.0,0.0
11,R20,altissimo,67,0.0,0.0,0.0
11,R20,altissimo,68,0.0,0.0,0.0
11,R20,altissimo,69,0.0,0.0,0.0
11,R20,altissimo,70,0.0,0.0,0.0
11,R20,altissimo,71,0.0,0.0,0.0
11,R20,altissimo,72,0.0,0.0,0.0
11,R20,altissimo,73,0.0,0.0,0.0
11,R20,altissimo,74,0.0,0.0,0.0
11,R20,altissimo,75,0.0,0.0,0.0
11,R20,altissimo,76,0.0,0.0,0.0
11,R20,altissimo,77,0.0,0.0,0.0
11,R20,altissimo,78,0.0,0.0,0.0
11,R20,altissimo,79,0.0,0.0,0.0
11,R20,altissimo,80,0.0,0.0,0.0
11,R20,altissimo,81,0.1,0.0,0.0
11,R20,altissimo,82,0.2,0.0,0.0
11,R20,altissimo,83,0.3,0.0,0.0
11,R20,altissimo,84,0.4,0.0,0.0
11,R20,altissimo,85,0.5,0.0,0.0
11,R20,altissimo,86,0.6,0.0,0.0
11,R20,altissimo,87,0.7,0.0,0.0
11,R20,altissimo,88,0.8,0.0,0.0
11,R20,altissimo,89,0.9,0.0,0.0
11,R20,altissimo,90,1.0,0.0,0.0
11,R20,altissimo,91,1.0,0.0,0.0
11,R20,altissimo,92,1.0,0.0,0.0
11,R20,altissimo,93,1.0,0.0,0.0
11,R20,altissimo,94,1.0,0.0,0.0
11,R20,altissimo,95,1.0,0.0,0.0
11,R20,altissimo,96,1.0,0.0,0.0
11,R20,altissimo,97,1.0,0.0,0.0
11,R20,altissimo,98,1.0,0.0,0.0
11,R20,altissimo,99,1.0,0.0,0.0
11,R20,altissimo,100,1.0,0.0,0.0
11,R24,altissimo,0,0.0,0.0,0.0
11,R24,altissimo,1,0.0,0.0,0.0
11,R24,altissimo,2,0.0,0.0,0.0
11,R24,altissimo,3,0.0,0.0,0.0
11,R24,altissimo,4,0.0,0.0,0.0
11,R24,altissimo,5,0.0,0.0,0.0
11,R24,altissimo,6,0.0,0.0,0.0
11,R24,altissimo,7,0.0,0.0,0.0
11,R24,altissimo,8,0.0,0.0,0.0
11,R24,altissimo,9,0.0,0.0,0.0
11,R24,altissimo,10,0.0,0.0,0.0
11,R24,altissimo,11,0.0,0.0,0.0
11,R24,altissimo,12,0.0,0.0,0.0
11,R24,altissimo,13,0.0,0.0,0.0
11,R24,altissimo,14,0.0,0.0,0.0
11,R24,altissimo,15,0.0,0.0,0.0
11,R24,altissimo,16,0.0,0.0,0.0
11,R24,altissimo,17,0.0,0.0,0.0
11,R24,altissimo,18,0.0,0.0,0.0
11,R24,altissimo,19,0.0,0.0,0.0
11,R24,altissimo,20,0.0,0.0,0.0
11,R24,altissimo,21,0.0,0.0,0.0
11,R24,altissimo,22,0.0,0.0,0.0
11,R24,altissimo,23,0.0,0.0,0.0
11,R24,altissimo,24,0.0,0.0,0.0
11,R24,altissimo,25,0.0,0.0,0.0
11,R24,altissimo,26,0.0,0.0,0.0
11,R24,altissimo,27,0.0,0.0,0.0
11,R24,altissimo,28,0.0,0.0,0.0
11,R24,altissimo,29,0.0,0.0,0.0
11,R24,altissimo,30,0.0,0.0,0.0
11,R24,altissimo,31,0.0,0.0,0.0
11,R24,altissimo,32,0.0,0.0,0.0
11,R24,altissimo,33,0.0,0.0,0.0
11,R24,altissimo,34,0.0,0.0,0.0
11,R24,altissimo,35,0.0,0.0,0.0
11,R24,altissimo,36,0.0,0.0,0.0
11,R24,altissimo,37,0.0,0.0,0.0
11,R24,altissimo,38,0.0,0.0,0.0
11,R24,altissimo,39,0.0,0.0,0.0
11,R24,altissimo,40,0.0,0.0,0.0
11,R24,altissimo,41,0.0,0.0,0.0
11,R24,altissimo,42,0.0,0.0,0.0
11,R24,altissimo,43,0.0,0.0,0.0
11,R24,altissimo,44,0.0,0.0,0.0
11,R24,altissimo,45,0.0,0.0,0.0
11,R24,altissimo,46,0.0,0.0,0.0
11,R24,altissimo,47,0.0,0.0,0.0
11,R24,altissimo,48,0.0,0.0,0.0
11,R24,altissimo,49,0.0,0.0,0.0
11,R24,altissimo,50,0.0,0.0,0.0
11,R24,altissimo,51,0.0,0.0,0.0
11,R24,altissimo,52,0.0,0.0,0.0
11,R24,altissimo,53,0.0,0.0,0.0
11,R24,altissimo,54,0.0,0.0,0.0
11,R24,altissimo,55,0.0,0.0,0.0
11,R24,altissimo,56,0.0,0.0,0.0
11,R24,altissimo,57,0.0,0.0,0.0
11,R24,altissimo,58,0.0,0.0,0.0
11,R24,altissimo,59,0.0,0.0,0.0
11,R24,altissimo,60,0.0,0.0,0.0
11,R24,altissimo,61,0.0,0.0,0.0
11,R24,altissimo,62,0.0,0.0,0.0
11,R24,altissimo,63,0.0,0.0,0.0
11,R24,altissimo,64,0.0,0.0,0.0
11,R24,altissimo,65,0.0,0.0,0.0
11,R24,altissimo,66,0.0,0.0,0.0
11,R24,altissimo,67,0.0,0.0,0.0
11,R24,altissimo,68,0.0,0.0,0.0
11,R24,altissimo,69,0.0,0.0,0.0
11,R24,altissimo,70,0.0,0.0,0.0
11,R24,altissimo,71,0.0,0.0,0.0
11,R24,altissimo,72,0.0,0.0,0.0
11,R24,altissimo,73,0.0,0.0,0.0
11,R24,altissimo,74,0.0,0.0,0.0
11,R24,altissimo,75,0.0,0.0,0.0
11,R24,altissimo,76,0.0,0.0,0.0
11,R24,altissimo,77,0.0,0.0,0.0
11,R24,altissimo,78,0.0,0.0,0.0
11,R24,altissimo,79,0.0,0.0,0.0
11,R24,altissimo,80,0.0,0.0,0.0
11,R24,altissimo,81,0.1,0.0,0.0
11,R24,altissimo,82,0.2,0.0,0.0
11,R24,altissimo,83,0.3,0.0,0.0
11,R24,altissimo,84,0.4,0.0,0.0
11,R24,altissimo,85,0.5,0.0,0.0
11,R24,altissimo,86,0.6,0.0,0.0
11,R24,altissimo,87,0.7,0.0,0.0
11,R24,altissimo,88,0.8,0.0,0.0
11,R24,altissimo,89,0.9,0.0,0.0
11,R24,altissimo,90,1.0,0.0,0.0
11,R24,altissimo,91,1.0,0.0,0.0
11,R24,altissimo,92,1.0,0.0,0.0
11,R24,altissimo,93,1.0,0.0,0.0
11,R24,altissimo,94,1.0,0.0,0.0
11,R24,altissimo,95,1.0,0.0,0.0
11,R24,altissimo,96,1.0,0.0,0.0
11,R24,altissimo,97,1.0,0.0,0.0
11,R24,altissimo,98,1.0,0.0,0.0
11,R24,altissimo,99,1.0,0.0,0.0
11,R24,altissimo,100,1.0,0.0,0.0
11,R25,altissimo,0,0.0,0.0,0.0
11,R25,altissimo,1,0.0,0.0,0.0
11,R25,altissimo,2,0.0,0.0,0.0
11,R25,altissimo,3,0.0,0.0,0.0
11,R25,altissimo,4,0.0,0.0,0.0
11,R25,altissimo,5,0.0,0.0,0.0
11,R25,altissimo,6,0.0,0.0,0.0
11,R25,altissimo,7,0.0,0.0,0.0
11,R25,altissimo,8,0.0,0.0,0.0
11,R25,altissimo,9,0.0,0.0,0.0
11,R25,altissimo,10,0.0,0.0,0.0
11,R25,altissimo,11,0.0,0.0,0.0
11,R25,altissimo,12,0.0,0.0,0.0
11,R25,altissimo,13,0.0,0.0,0.0
11,R25,altissimo,14,0.0,0.0,0.0
11,R25,altissimo,15,0.0,0.0,0.0
11,R25,altissimo,16,0.0,0.0,0.0
11,R25,altissimo,17,0.0,0.0,0.0
11,R25,altissimo,18,0.0,0.0,0.0
11,R25,altissimo,19,0.0,0.0,0.0
11,R25,altissimo,20,0.0,0.0,0.0
11,R25,altissimo,21,0.0,0.0,0.0
11,R25,altissimo,22,0.0,0.0,0.0
11,R25,altissimo,23,0.0,0.0,0.0
11,R25,altissimo,24,0.0,0.0,0.0
11,R25,altissimo,25,0.0,0.0,0.0
11,R25,altissimo,26,0.0,0.0,0.0
11,R25,altissimo,27,0.0,0.0,0.0
11,R25,altissimo,28,0.0,0.0,0.0
11,R25,altissimo,29,0.0,0.0,0.0
11,R25,altissimo,30,0.0,0.0,0.0
11,R25,altissimo,31,0.0,0.0,0.0
11,R25,altissimo,32,0.0,0.0,0.0
11,R25,altissimo,33,0.0,0.0,0.0
11,R25,altissimo,34,0.0,0.0,0.0
11,R25,altissimo,35,0.0,0.0,0.0
11,R25,altissimo,36,0.0,0.0,0.0
11,R25,altissimo,37,0.0,0.0,0.0
11,R25,altissimo,38,0.0,0.0,0.0
11,R25,altissimo,39,0.0,0.0,0.0
11,R25,altissimo,40,0.0,0.0,0.0
11,R25,altissimo,41,0.0,0.0,0.0
11,R25,altissimo,42,0.0,0.0,0.0
11,R25,altissimo,43,0.0,0.0,0.0
11,R25,altissimo,44,0.0,0.0,0.0
11,R25,altissimo,45,0.0,0.0,0.0
11,R25,altissimo,46,0.0,0.0,0.0
11,R25,altissimo,47,0.0,0.0,0.0
11,R25,altissimo,48,0.0,0.0,0.0
11,R25,altissimo,49,0.0,0.0,0.0
11,R25,altissimo,50,0.0,0.0,0.0
11,R25,altissimo,51,0.0,0.0,0.0
11,R25,altissimo,52,0.0,0.0,0.0
11,R25,altissimo,53,0.0,0.0,0.0
11,R25,altissimo,54,0.0,0.0,0.0
11,R25,altissimo,55,0.0,0.0,0.0
11,R25,altissimo,56,0.0,0.0,0.0
11,R25,altissimo,57,0.0,0.0,0.0
11,R25,altissimo,58,0.0,0.0,0.0
11,R25,altissimo,59,0.0,0.0,0.0
11,R25,altissimo,60,0.0,0.0,0.0
11,R25,altissimo,61,0.0,0.0,0.0
11,R25,altissimo,62,0.0,0.0,0.0
11,R25,altissimo,63,0.0,0.0,0.0
11,R25,altissimo,64,0.0,0.0,0.0
11,R25,altissimo,65,0.0,0.0,0.0
11,R25,altissimo,66,0.0,0.0,0.0
11,R25,altissimo,67,0.0,0.0,0.0
11,R25,altissimo,68,0.0,0.0,0.0
11,R25,altissimo,69,0.0,0.0,0.0
11,R25,altissimo,70,0.0,0.0,0.0
11,R25,altissimo,71,0.0,0.0,0.0
11,R25,altissimo,72,0.0,0.0,0.0
11,R25,altissimo,73,0.0,0.0,0.0
11,R25,altissimo,74,0.0,0.0,0.0
11,R25,altissimo,75,0.0,0.0,0.0
11,R25,altissimo,76,0.0,0.0,0.0
11,R25,altissimo,77,0.0,0.0,0.0
11,R25,altissimo,78,0.0,0.0,0.0
11,R25,altissimo,79,0.0,0.0,0.0
11,R25,altissimo,80,0.0,0.0,0.0
11,R25,altissimo,81,0.1,0.0,0.0
11,R25,altissimo,82,0.2,0.0,0.0
11,R25,altissimo,83,0.3,0.0,0.0
11,R25,altissimo,84,0.4,0.0,0.0
11,R25,altissimo,85,0.5,0.0,0.0
11,R25,altissimo,86,0.6,0.0,0.0
11,R25,altissimo,87,0.7,0.0,0.0
11,R25,altissimo,88,0.8,0.0,0.0
11,R25,altissimo,89,0.9,0.0,0.0
11,R25,altissimo,90,1.0,0.0,0.0
11,R25,altissimo,91,1.0,0.0,0.0
11,R25,altissimo,92,1.0,0.0,0.0
11,R25,altissimo,93,1.0,0.0,0.0
11,R25,altissimo,94,1.0,0.0,0.0
11,R25,altissimo,95,1.0,0.0,0.0
11,R25,altissimo,96,1.0,0.0,0.0
11,R25,altissimo,97,1.0,0.0,0.0
11,R25,altissimo,98,1.0,0.0,0.0
11,R25,altissimo,99,1.0,0.0,0.0
11,R25,altissimo,100,1.0,0.0,0.0
